-550,5902099609375; 447,9058837890625; 527,354133605957; 370,302490234375; 754,6177387237549; 337,3829345703125; -102,66265869140625; 201,265625; 410,15643310546875; -106,9365234375; 39,708420276641846; -332,8879200220108; 1893,0953979492188; 717,5595006942749; 157,20367431640625; -387,25843811035156; 278,2963218688965; 1568,898193359375; 545,5133913755417; -482,2259521484375; 874,42431640625; 79,2525634765625; -207,37890625; 320,16766357421875; 647,3705139160156; 45,1558837890625; 5907,735595703125; 52,27294921875; -7,60150146484375; 68,31646728515625; 
-153,9899568054825; 127,93945894762874; 432,5959641430527; 1118,107190683484; 483,4332873203821; 885,8553692940623; 5106,888041813159; 286,312255859375; 161,39453125; 674,0635986328125; 522,7421875; 860,2948474884033; 5745,496954202652; 5309,21240234375; 310,524658203125; 523,5955200195312; 204,05352783203125; 883,5185546875; 1275,9183349609375; 757,9438781738281; -97,43384552001953; 410,07861328125; 955,3528900146484; 743,7381591796875; -177,8372802734375; 406,06982421875; 364,869384765625; -441,79443359375; 714,9375; 502,0244140625; 
553,4286994701706; 39,633581921458244; 2438,801968018854; 3039,5705697254252; 425,9269321851295; -93,96969032287598; 536,134015634656; -267,6380615234375; 250,8653564453125; 2660,140625; 585,1539916992188; 503,3714032173157; -26,05369281768799; 343,7507710456848; 210,63327026367188; 408,50439453125; 312,0623779296875; 653,19677734375; 48,81744384765625; 837,690185546875; -102,89291381835938; -68,401123046875; 915,602294921875; 1039,2891235351562; 349,6638603210449; 85,967529296875; 388,03026580810547; 93,94427490234375; 403,20428466796875; -85,81832885742188; 
5465,649830674753; 5403,741204104114; 482,57798982451556; -55,548884868621826; -476,6944326328033; 5613,186198762508; 3514,908107158487; -141,02740478515625; -341,35321044921875; 2137,52099609375; 568,2631225585938; 4718,176078796387; -301,928955078125; -410,921875; 40,6820068359375; 301,78881072998047; 5109,387578964233; -308,69989013671875; 525,65869140625; 7612,115966796875; 356,603759765625; -105,56292724609375; 1113,5631713867188; 301,61114501953125; 261,69281005859375; 830,5027341842651; -436,88409423828125; 5297,923889160156; 491,5533311367035; 190,3684844970703; 
670,656977338916; -124,44780764595922; 178,52103325349466; 454,01873314753175; 120,64328532249056; -184,00379113739473; 456,79930518886215; 891,2953414916992; 360,53631591796875; -177,52496337890625; 5443,1572265625; -103,52804565429688; 19,87964630126953; 5454,223983764648; 5,4140625; 7974,7412109375; 60,83770751953125; -402,04168701171875; 5264,1669921875; -159,7181396484375; 1311,267578125; -148,9712905883789; 296,39971923828125; 99,77233171463013; -460,60590171813965; 965,35009765625; 397,80828857421875; 179,55551195144653; 504,1860523223877; 296,9827880859375; 
712,4789245239615; -85,47662568259177; 610,4693958577845; -460,6630808413029; 471,4961986772763; 716,1573194575903; 139,67902040481567; -385,3282775878906; 44,02280378341675; 236,76123046875; -357,10797119140625; 224,73593139648438; 58,1021728515625; 25,134033203125; 462,17286682128906; -408,9766845703125; 1257,9375; 408,3873291015625; 1293,1796875; 658,8279113769531; 368,8087158203125; 927,4815673828125; -344,3276295661926; -185,955913066864; 13,0623779296875; 161,9503402709961; 239,95441031455994; 134,37408447265625; 508,131103515625; -287,60101318359375; 
159,48758444190025; -57,68916850211099; 635,0047103911638; 96,64722072638688; 5232,083290361195; 2510,2140062736826; 661,4039770160305; 132,4326171875; -59,04241943359375; 414,475341796875; 806,4381103515625; 777,4228515625; -140,33514404296875; 485,9085693359375; 771,4020385742188; 5532,016143321991; 130,61932706832886; 336,6791687011719; 529,4540405273438; 142,6668701171875; 342,945556640625; 3643,6476440429688; 577,896728515625; 455,703125; -52,85112380981445; -44,77838134765625; 280,29840087890625; 5559,44873046875; 5440,8125; 425,8212585449219; 
540,466327161078; 488,9991703033447; 258,62925720214844; -230,47669750393834; 454,8485360080376; 907,2402956976557; 26,24301863702175; 584,900390625; 718,3090705871582; -134,54574966430664; -455,2964324951172; -242,29140090942383; 393,7373962402344; -593,3814792633057; -323,08335304260254; 543,4712982177734; -54,783203125; 5172,5587158203125; 5156,764099121094; 610,7891845703125; 174,44610595703125; 250,43793392181396; 627,0792236328125; 149,62105751037598; -313,3798065185547; -284,46826171875; 278,92113494873047; 96,31103515625; -103,4422641992569; 647,048095703125; 
758,2602917570708; 344,7633495517075; 1032,5596739237947; 450,5857558622956; 571,2540288953114; 870,714872177994; 889,5379028320312; 444,5078125; 93,493896484375; 856,7744140625; 1040,468505859375; 305,986572265625; 565,0291748046875; 502,7996292114258; 366,2210693359375; 850,6500930786133; 110,03262329101562; 1804,11572265625; 666,810546875; 5498,696350097656; 588,1817359924316; 173,9375; 866,7874145507812; 604,2299185991287; 5597,104084968567; 8421,325744628906; 1322,6591796875; 534,8690185546875; 405,42724609375; 104,21115636825562; 
540,6705580750322; 516,8575320243835; 1262,2299395501614; 720,2325887605548; 790,447800847167; 540,2905750274658; 464,41174903512; 8220,3544921875; 1426,6923828125; 559,9024047851562; 5501,406244754791; 575,98876953125; 362,71340560913086; 788,2539672851562; 492,366943359375; 413,09191513061523; 705,80859375; 856,3493347167969; 6160,643666327; 521,5240173339844; 527,849853515625; 439,3828125; 495,2013816833496; 1178,0247802734375; 5608,3505859375; 794,519775390625; 2641,7107543945312; 508,8389892578125; 1117,66015625; 570,263876914978; 
454,1182924856548; 791,6111574171373; 6343,913075707853; 6537,726186493921; 6057,840247642889; 266,06327430251986; 1173,7167196199298; 802,3486328125; 733,9476209878922; 926,8055990934372; 1997,57763671875; 8284,177612304688; 190,735107421875; 632,6748657226562; 3694,0012817382812; 5506,0875244140625; 532,4575805664062; 5726,5919189453125; 2090,5865478515625; 650,0386500358582; 5805,297155380249; 938,30126953125; 1845,81787109375; 559,2590975761414; 5891,7183837890625; 700,43115234375; 1019,1171875; 442,57794189453125; 563,9868125915527; 3441,1277465820312; 
6145,342950729125; 6773,815875525248; 903,3903226904586; 793,9048709866183; 5861,2071560025215; 5492,012628719211; 3674,6749337750107; 1852,1829833984375; 1985,7611694335938; 453,5323181152344; 6121,536071777344; 1459,374017715454; 3285,2024536132812; 5865,136657714844; 5806,017479896545; 662,6879272460938; 5986,39904654026; 1656,4376220703125; 688,5785942077637; 1648,5424270629883; 616,9166259765625; 1315,3779296875; 1103,771240234375; 1460,023193359375; 3526,9608154296875; 447,37014496326447; 5948,517883300781; 5670,978546142578; 1174,4018249511719; 772,6781616210938; 
1575,3304387169046; 1857,5700905208282; 5619,638783334437; 1955,080637907432; 1590,4085551779717; 6021,967687973733; 1960,5635839197785; 6205,936309814453; 6008,51692199707; 6181,898624420166; 7247,534851074219; 5914,002178192139; 1303,47119140625; 6282,784851074219; 5911,858228683472; 955,4234663248062; 6330,192657470703; 6387,8175048828125; 755,02490234375; 1311,3479614257812; 1300,46484375; 3859,6889038085938; 2874,8826904296875; 5655,90380859375; 3976,81103515625; 1009,3490562438965; 672,7426071166992; 8354,215137720108; 5586,580078125; 562,1296997070312; 
7285,802351141465; 6152,049821009859; 540,6605897207301; 918,0770198013633; 5648,985384696584; 4308,613280263915; 6405,813153047075; 6051,091949462891; 1955,86669921875; 5720,478454589844; 5864,0234375; 1487,0380859375; 5914,365905761719; 6071,992523193359; 1413,7259521484375; 702,316650390625; 5614,0235595703125; 249,72657775878906; 896,806884765625; 1366,6638793945312; 5971,598165512085; 1095,1827212572098; 5859,2908935546875; 6146,260925292969; 5579,802108764648; 1138,78515625; 6527,87366771698; 6190,864325881004; 1289,4893188476562; 6533,453125; 
6375,467581820732; 1491,1991822006573; 1030,7398091692012; 6502,17925453186; 5936,95742412316; 6012,514608757425; 1259,621186823151; 6149,0791015625; 5987,234693527222; 1153,5964031219482; 1338,4049682617188; 835,8500366210938; 924,973258972168; 1644,954345703125; 1835,4871826171875; 390,79931640625; 6012,732322692871; 5944,629563093185; 6618,514923095703; 938,3267822265625; 1868,0814819335938; 6099,039894104004; 5716,0743408203125; 6371,301025390625; 5854,652770996094; 1156,26611328125; 6215,071228027344; 5823,55908203125; 6187,8974609375; 3268,4437255859375; 
2140,1654308355182; 687,4304771016759; 8350,746749624053; 706,1771856327541; 842,8744603561936; 1291,6436534784734; 5839,981211367239; 1730,171630859375; 6887,125; 5615,27467918396; 3289,484375; 1300,1150875091553; 2145,6231079101562; 5803,15323638916; 5610,83065032959; 6163,453674316406; 1467,1373901367188; 6250,62451171875; 6059,716131210327; 2037,5249633789062; 2728,5400390625; 1422,9890747070312; 1266,5563354492188; 6491,900390625; 230,84783935546875; 3709,8828735351562; 5963,560699462891; 6084,07373046875; 6078,463923454285; 1047,5586547851562; 
6137,855041503906; 5811,563221756369; 6015,8440249299165; 3789,931637495756; 950,8659196067601; 5789,627884215501; 2226,72414294834; 1337,9962768554688; 6098,0404624938965; 1964,6640625; 4353,823974609375; 6135,426513671875; 1699,1082153320312; 1809,874755859375; 1061,3740234375; 2393,05078125; 4990,6182861328125; 7117,56640625; 1599,8968505859375; 4234,2760009765625; 1321,3106689453125; 8359,686685562134; 1113,8781652450562; 854,06689453125; 3629,97265625; 609,02392578125; 6886,064422607422; 8619,6953125; 8326,523620605469; 2082,30322265625; 
5995,112880632087; 2405,7028065919876; 5871,447908460163; 918,9800789440051; 5821,4373539201915; 1015,5472075987414; 1455,2747716104495; 5951,58984375; 940,0280303955078; 6133,094030380249; 1159,5007362365723; 615,2738125324249; 861,4093017578125; 855,0845336914062; 4549,1519775390625; 699,3125; 6148,104553222656; 6233,849914550781; 938,5618286132812; 8402,512329101562; 2776,4057006835938; 5981,865966796875; 845,1923477649689; 1143,6268196105957; 5849,10239315033; 734,3224179148674; 517,947021484375; 8280,2412109375; 5298,272361755371; 5697,6187171936035; 
1169,0959682216053; 882,0646827276796; 2258,520890235901; 6312,6622791904665; 3267,148982236162; 5850,020829842426; 6793,738464903086; 1019,231689453125; 1122,7454528808594; 785,8143920898438; 6040,693950653076; 921,3709564208984; 4121,01708984375; 1018,5272369384766; 5677,4190673828125; 5976,5313448905945; 5946,686653137207; 1218,7172479629517; 6000,728713989258; 1014,4092407226562; 5707,428169250488; 609,5936908721924; 2245,6864471435547; 1039,7493286132812; 901,2216796875; 2612,4524561166763; 5894,617291212082; 5503,661315917969; 5715,513671875; 3291,855224609375; 
3896,742908657132; 580,513234322485; 5729,225039811805; 5995,117132924564; 1397,2429716171464; 817,1025552778592; 1378,9638881424908; 6071,535583496094; 614,1171875; 979,0388412475586; 7090,761569023132; 5890,123782157898; 629,5306625366211; 5581,832366943359; 6049,83355140686; 5883,039433479309; 1063,3936767578125; 5561,550364494324; 1100,3325862884521; 6202,874244689941; 469,0939178466797; 3834,0572509765625; 5699,721252441406; 582,1176147460938; 6201,307638168335; 1224,4686567783356; 2717,4605102539062; 399,02734375; 6069,2178955078125; 6068,074935913086; 
1445,2791064931953; 3652,227653151395; 1629,3253519929813; 6003,617417467758; 5551,4559300773835; 5905,656176937009; 5688,180782764942; 5871,01171875; 6919,759468078613; 715,318359375; 5908,982719421387; 715,090576171875; 2063,9017333984375; 1502,0530700683594; 6127,9051513671875; 5920,351212263107; 730,7515258789062; 1162,7296142578125; 583,5593872070312; 1396,6756591796875; 982,7164459228516; 6065,921875; 862,2880859375; 6118,212799072266; 6079,638427734375; 628,7273559570312; 2726,2889404296875; 1064,46240234375; 600,4762153625488; 742,1749267578125; 
6010,513777239248; 1854,0130702108145; 1036,7243966311216; 2616,632502244611; 6121,523832377312; 7477,46717738439; 5663,988475073616; 5886,770758628845; 1045,4563598632812; 5693,223876953125; 7115,187255859375; 6017,516693115234; 411,1043701171875; 1186,6314697265625; 860,2406768798828; 1475,2750344276428; 1154,547607421875; 8325,0966796875; 7731,323486328125; 1079,557321548462; 1021,2742309570312; 1125,6728515625; 730,548490524292; 963,5502853393555; 2679,3191528320312; 1907,5960083007812; 5684,769393920898; 665,2659301757812; 5997,2156665325165; 541,2667388916016; 
5939,303408712149; 6068,185830503702; 5945,941359471966; 5733,502206323668; 6235,613204232417; 710,4896094919549; 7144,825606107712; 6281,306457519531; 1323,2023315429688; 5879,7421875; 1050,5528411865234; 8304,235916137695; 4032,7822265625; 6303,08056640625; 5728,850826263428; 5610,62255859375; 5742,874376296997; 6158,894226074219; 5695,199005126953; 5661,87216758728; 5905,5323486328125; 6202,940979003906; 5865,7979736328125; 255,618896484375; 2699,0714111328125; 1243,0543823242188; 536,9825439453125; 6445,3980712890625; 1158,4290161132812; 3829,8681030273438; 
6040,298287175596; 3571,529487180058; 3728,879469823529; 5917,926630420108; 2349,8437557145953; 1216,2658789753914; 6085,063997699413; 1206,6103515625; 2223,2138671875; 306,76812386512756; 2020,2490844726562; 1468,108154296875; 6050,520050048828; 1706,440673828125; 1731,891845703125; 1021,7406311035156; 1851,103271484375; 6085,735511779785; 5986,11669921875; 5587,76223051548; 6034,44921875; 8264,245880126953; 6235,692138671875; 8206,375; 5804,4327964782715; 8588,5078125; 1970,0894775390625; 1556,7821655273438; 2870,1427612304688; 427,65167236328125; 
3320,1994093591347; 1074,1316114664078; 5850,3300370248035; 732,9203448019252; 3799,176759765555; 1252,6440625488758; 5786,5597049647795; 1105,41259765625; 3977,6572875976562; 6514,8043212890625; 2461,6881713867188; 8550,9013671875; 5936,424865722656; 1589,375732421875; 6023,122665405273; 1127,2105712890625; 1465,0634765625; 6365,204250335693; 6105,051605224609; 6650,052351951599; 1243,8711585998535; 1594,0007164478302; 5599,041234970093; 813,33154296875; 6143,410942077637; 624,7847290039062; 1163,2294921875; 8279,914611816406; 3814,0513916015625; 5546,280166625977; 
5662,567246390041; 1164,0554173160344; 1168,8645904650402; 6377,021905649453; 5951,6312744789175; 6321,427271175664; 867,6745299162394; 957,4601440429688; 5799,804176330566; 5845,91015625; 7318,25537109375; 5798,64725112915; 6184,646148681641; 1927,28515625; 7041,075439453125; 5967,811851501465; 9417,278564453125; 5848,794357299805; 1952,091796875; 8034,1201171875; 5703,036125421524; 368,6242084503174; 897,4228515625; 510,25783920288086; 6183,0848388671875; 1416,0623779296875; 580,9326171875; 6052,456830620766; 5871,314971923828; 688,3481908589602; 
910,0499407052994; 5334,573874903377; 5789,854214923456; 5669,229142151773; 664,1951011791825; 1450,1152012231541; 1254,2797254581085; 1761,327392578125; 1330,1394653320312; 7233,995178222656; 1194,98681640625; 5861,881809234619; 5798,112879753113; 2564,931640625; 1326,3328857421875; 2609,7205200195312; 630,3530883789062; 954,3417358398438; 76,1556396484375; 6057,265800476074; 527,7558288574219; 985,7640991210938; 7106,37744140625; 3471,804931640625; 920,4412307739258; 5764,2529296875; 5798,5919189453125; 1064,9883422851562; 5710,402368545532; 5938,620197534561; 
962,6480094956496; 5758,973176881671; 7251,751464696601; 832,7498802319169; 5821,112338628011; 7101,892251351848; 5719,309557081608; 923,6786956787109; 647,5364990234375; 6204,654296875; 963,8815307617188; 2015,5916748046875; 4196,577941894531; 4586,7330322265625; 5763,939271450043; 3848,0291137695312; 1246,5809879302979; 512,872040271759; 1191,6835327148438; 6105,88720703125; 1958,4217709302902; 806,1259765625; 1096,1016845703125; 5996,3914794921875; 1852,364501953125; 933,9630889892578; 924,850341796875; 6141,545944213867; 1117,8073425292969; 5674,475830078125; 
973,1021918954211; 1086,4116873729654; 2025,309261848491; 3291,4637040495872; 745,5654688757786; 2744,9364589601755; 7325,9198135178995; 1052,2303466796875; 5918,765380859375; 6015,672180175781; 5965,122161865234; 1505,0072021484375; 2307,6051635742188; 6008,968078613281; 2308,44580078125; 5511,780319213867; 5836,437316894531; 829,7484130859375; 7461,9296875; 6048,369873046875; 8295,526977539062; 5882,6614990234375; 869,3301086425781; 5812,51953125; 942,6105346679688; 577,6278488636017; 992,849609375; 2983,212158203125; 754,0555877685547; 1008,6418571472168; 
6002,8834906138945; 5865,873794488609; 5839,704902037151; 5946,151314684034; 5943,414731773492; 987,4905988648534; 1293,4599231702014; 5830,335845947266; 5958,6953125; 5874,27197265625; 1332,6417694091797; 7258,170959472656; 680,2991256713867; 6885,38037109375; 6235,731178283691; 812,8766479492188; 1285,897705078125; 143,07881546020508; 2002,1087036132812; 909,1444091796875; 6302,474060058594; 5845,147216796875; 769,730131149292; 522,4720153808594; 5486,675670623779; 6464,558349609375; 698,8515625; 5794,356689453125; 1132,5056762695312; 1865,6051635742188; 
892,4209223308135; 6106,788443565369; 1704,9610258889088; 675,5638669659384; 5736,055002890847; 3424,284269656986; 6098,702679982747; 855,60546875; 1389,5754021406174; 1948,4874267578125; 766,3878173828125; 660,392822265625; 926,337646484375; 5691,7744140625; 1916,9786987304688; 2485,7001342773438; 2223,3677368164062; 1592,080078125; 531,7077178955078; 1956,6612548828125; 1797,6348876953125; 6201,75634765625; 1087,4788818359375; 891,4304809570312; 2693,24755859375; 1083,0133814811707; 6143,126953125; 631,6017389297485; 2174,7954711914062; 3702,8623657226562; 
1627,5359244067222; 6031,983831487596; 741,6819484054358; 4395,659172251821; 1417,7774872644038; 5774,499174247599; 1429,7148039340973; 1362,274658203125; 664,8090209960938; 862,8221435546875; 341,172119140625; 6318,5440673828125; 1416,6956176757812; 907,41748046875; 1873,1242065429688; 1336,0779418945312; 750,191650390625; 966,0780868530273; 6082,645011305809; 5978,624340057373; 5972,59912109375; 1082,1371231079102; 981,3097229003906; 857,244140625; 1157,0911102294922; 2739,4599609375; 1170,1295776367188; 5857,8813552856445; 5987,745971798897; 1117,8847122192383; 
7235,849266724661; 546,0676794294268; 8722,585492106933; 5988,8606692887215; 7086,786457041628; 2027,1401824699174; 2611,2050102055073; 2523,6553344726562; 6052,844970703125; 2286,0475311279297; 8368,079528808594; 5866,094429016113; 5795,368352890015; 8705,01953125; 1088,5716205835342; 959,6357421875; 1136,71875; 6185,762985229492; 5935,9006061553955; 6110,169189453125; 1507,3889770507812; 1691,4544067382812; 2004,2649536132812; 1407,609130859375; 1572,703857421875; 2091,20703125; 5556,648104667664; 756,6458644866943; 2236,6893310546875; 1371,86376953125; 
5950,196795211551; 6025,3530402276665; 5822,626551796469; 1954,3230525652175; 7138,477239266038; 830,1713214168267; 5673,068819720298; 1317,0464477539062; 6036,613494873047; 1481,3339233398438; 6059,162925720215; 1126,6269226074219; 6076,013824462891; 1045,693603515625; 3054,18603515625; 705,6613159179688; 5935,3614501953125; 1039,342180609703; 5643,54239654541; 8730,562133789062; 5739,203950881958; 862,2604370117188; 3478,7127685546875; 2796,8661499023438; 5942,391499996185; 1219,1185302734375; 6016,411544799805; 5706,76171875; 5829,4296875; 1786,0679931640625; 
7116,2975244466215; 842,0511348111605; 5764,408508449793; 5891,439234901938; 1858,7696984020772; 6299,256639798403; 6033,040913443081; 1423,0158081054688; 398,38043212890625; 6091,2007484436035; 5897,867296218872; 6441,41259765625; 5619,2431640625; 6178,462890625; 6332,945648193359; 3879,5369873046875; 1203,7741088867188; 6034,497314453125; 6010,911926269531; 1854,0831298828125; 6352,163766860962; 1173,6885375976562; 5847,794158935547; 1138,6940307617188; 2423,1356201171875; 675,077392578125; 1116,332275390625; 1951,7578125; 2324,0908203125; 5891,74998664856; 
6247,414731108309; 6150,485057163984; 5934,259692394233; 6218,497484785854; 1287,660803274135; 6236,141062731389; 1458,2160351841262; 6056,7857666015625; 5875,291033983231; 878,8157958984375; 6203,738715171814; 5841,947311401367; 5887,2996826171875; 1443,7515860795975; 1040,354736328125; 3361,318359375; 871,2650408744812; 6448,9619140625; 981,4603271484375; 1235,7508544921875; 2247,9808349609375; 6087,428840637207; 1324,709939956665; 5805,200439453125; 6564,578125; 1859,0863037109375; 3941,6007080078125; 619,5303955078125; 1127,1553525924683; 1338,6002197265625; 
6227,416006326675; 430,84971676173154; 1375,4131512775493; 5925,838183755262; 3707,1832423418323; 4358,750799583388; 772,8673357446678; 6236,948753356934; 6106,719039916992; 1133,0233154296875; 8761,184326171875; 2809,1641845703125; 5924,880859375; 1171,040979385376; 3371,8156127929688; 3120,2206420898438; 3477,6021728515625; 3842,2893676757812; 6014,886962890625; 8275,698181152344; 573,80029296875; 7261,888977050781; 730,0440425872803; 2973,1407470703125; 5931,972061157227; 990,0952758789062; 8261,41891860962; 5870,762551307678; 814,5166015625; 6162,4012451171875; 
1055,0669158380479; 6839,504970977083; 1748,1609481431078; 928,8122034340045; 947,7608984760831; 673,5374058496091; 6088,001468115544; 1622,6403529644012; 5699,204803466797; 1104,5953102111816; 1336,673583984375; 5634,8671875; 2261,6372680664062; 1791,690185546875; 6094,1279296875; 6117,381561279297; 861,3533906936646; 6011,4632177352905; 5996,498764038086; 5779,904968261719; 1387,9410400390625; 1107,799072265625; 1540,3069458007812; 2995,9124755859375; 5833,50927734375; 921,711669921875; 869,154052734375; 6287,5814208984375; 7203,708984375; 1697,69775390625; 
831,5470136607764; 1184,9838849835978; 1277,8107210993767; 3766,6165010061945; 645,2188199069351; 6132,3875012509525; 6161,791198775272; 5578,2099351882935; 6289,9836349487305; 6041,697114467621; 672,0927734375; 3597,0997314453125; 1885,6008911132812; 8244,575012207031; 6041,433193206787; 5993,6112904548645; 2538,67333984375; 1251,681358218193; 4038,6838989257812; 5941,644760131836; 558,0485372543335; 1479,4540103673935; 1462,6170654296875; 927,3341064453125; 3820,9940795898438; 5684,919886350632; 6627,6513671875; 2915,5390014648438; 5785,7958984375; 2773,6141967773438; 
1647,4858268741518; 5820,048628650606; 5814,432719942006; 5919,683235922537; 640,7894805236723; 6046,784571171507; 3798,8807114816736; 6125,539978027344; 6019,99609375; 548,8915910720825; 771,5706176757812; 5583,4218826293945; 1672,7446899414062; 1124,0725708007812; 2934,294921875; 5542,6396484375; 3771,20458984375; 4061,0804443359375; 3443,5422973632812; 1450,4104614257812; 6042,046875; 5662,860061645508; 6123,3851318359375; 1470,0180053710938; 3097,546875; 978,3828125; 610,2904663085938; 5923,298049926758; 2536,92626953125; 784,57275390625; 
8070,071367645636; 1479,32653999608; 447,1910613133077; 6039,0765719085175; 5751,106716155773; 1946,6276136706583; 1325,9203699717993; 5948,287353515625; 6063,234238147736; 749,1234664916992; 3286,2974853515625; 3782,3004150390625; 6618,4150390625; 6069,671844482422; 6102,694971084595; 1234,8225045204163; 1230,494140625; 6190,982559204102; 946,2831192016602; 1210,8751220703125; 2111,8713989257812; 1371,464599609375; 669,888069152832; 6438,608085632324; 1155,698974609375; 5912,010498046875; 8433,367065429688; 534,4363803863525; 5753,799617767334; 1055,4410400390625; 
1471,722942110151; 5830,04254666809; 2583,827228029957; 1407,0263273611781; 712,3605528324842; 1019,5540770292282; 7093,261544764042; 1444,8897705078125; 5528,067451477051; 1066,1930541992188; 5623,651391983032; 1628,6868286132812; 1579,1989135742188; 1163,7036743164062; 3307,1785278320312; 6013,720458984375; 6207,741165161133; 1002,9145011901855; 2063,86669921875; 8418,699829101562; 3296,1218872070312; 5928,7457275390625; 722,36083984375; 1220,779800415039; 821,4019165039062; 5595,291442871094; 5988,109375; 5960,8062744140625; 811,7732849121094; 6127,179271221161; 
5887,291343204677; 5652,0386133634365; 3587,379864960909; 4165,628009279957; 1964,7797162220813; 745,0138769671321; 946,4986300468445; 2577,037841796875; 6827,423828125; 5922,939193725586; 5745,078186035156; 1366,4055786132812; 8449,89501953125; 5995,1199951171875; 5967,886585831642; 5951,7369384765625; 6023,125915527344; 8267,359069824219; 798,3772888183594; 3592,6031494140625; 5916,16081237793; 5915,91206407547; 6180,480918884277; 994,3027954101562; 949,567138671875; 5808,5509033203125; 794,1453247070312; 1525,0773249864578; 1816,9375; 5934,267877578735; 
1042,665483274497; 6064,1520440531895; 143,86602728255093; 5907,633437528042; 6792,787929743528; 6452,549873046577; 468,9857560247183; 7107,8974609375; 8379,649963378906; 984,5963134765625; 1773,7989501953125; 2119,3629760742188; 6043,8502197265625; 1107,8287048339844; 5996,4550857543945; 993,1622314453125; 2130,8546142578125; 5770,9669189453125; 6020,194231033325; 581,8821411132812; 1154,8540496826172; 3731,65185546875; 1506,9813842773438; 441,171142578125; 5557,1545333862305; 813,701416015625; 5832,649490356445; 648,3893661499023; 1525,22607421875; 1301,6966552734375; 
6072,639584198594; 845,8542990076821; 3265,5866973102093; 5973,714409635514; 6710,142602173188; 1426,9735061712563; 370,1988969447557; 1330,1568603515625; 899,2149295806885; 1192,662109375; 1501,3755493164062; 2021,62158203125; 6051,147796630859; 4244,152526855469; 5857,365966796875; 6036,89026260376; 791,7406616210938; 5919,139366149902; 5891,065041542053; 7192,130165100098; 5937,209712028503; 865,3698558807373; 1110,0836181640625; 954,626953125; 6971,568542480469; 6162,384796142578; 6136,929042816162; 5657,357421875; 1091,2027611732483; 859,7554321289062; 
1260,9741804698278; 5999,726340196095; 5919,954755973332; 672,0841553489383; 3449,9153182310984; 5912,264017307811; 775,2429776081117; 3927,1488647460938; 4402,6361083984375; 756,642578125; 1432,198486328125; 1879,141357421875; 6112,9984130859375; 1340,7855224609375; 6120,307622432709; 386,167843580246; 4490,828125; 2353,2758178710938; 1081,8287506103516; 1218,70703125; 2360,7197265625; 6522,0159912109375; 5745,207824707031; 511,6152179837227; 7298,9794921875; 5934,590362548828; 1255,3281977176666; 1044,369384765625; 1562,5914916992188; 3539,46875; 
1629,0581703796051; 6239,739562891424; 1194,9935497919982; 1011,7035872740671; 6388,403646317284; 861,8960813959129; 5841,1326527862875; 5986,930549621582; 6089,396131515503; 1276,3269653320312; 842,136962890625; 1300,8952026367188; 5941,500301361084; 5961,50249671936; 1017,0507154464722; 6239,921875; 1092,6192207336426; 6599,850158691406; 5037,693115234375; 1500,3641357421875; 1437,61865234375; 6308,3271484375; 5820,4204025268555; 9442,518676757812; 845,7392578125; 6071,015441894531; 2180,96484375; 920,4214782714844; 5996,563083648682; 2924,1655883789062; 
8859,48842716217; 1481,785609440878; 6194,027918450534; 1127,908260308206; 5741,059232632163; 8316,86076352559; 5937,412521266707; 1723,1004028320312; 994,7164306640625; 1782,20361328125; 6039,116806030273; 2128,32373046875; 6164,778869628906; 1555,6150515079498; 6176,27490234375; 6125,341064453125; 3762,6492919921875; 5745,859535217285; 731,9501953125; 5947,253023147583; 1218,2228393554688; 2378,825439453125; 5776,717041015625; 6073,708343029022; 6668,109375; 990,2338943481445; 3035,349609375; 6244,86669921875; 1968,9065520763397; 892,1676635742188; 
5821,657459401526; 596,0943522342941; 2675,92821840709; 6390,315393844503; 5991,243836685393; 6057,491547482863; 5946,851602744311; 6033,283988952637; 7144,2305908203125; 1077,7047119140625; 5594,544738769531; 5977,424499511719; 6071,042816162109; 1640,572265625; 776,8486328125; 5851,521938323975; 898,00390625; 8317,145343780518; 2108,4980738162994; 6355,8125; 6030,258117675781; 2164,5804138183594; 7132,89453125; 1559,2738037109375; 1508,5364379882812; 771,1487426757812; 554,2734375; 5603,431640625; 442,84234619140625; 6104,845794677734; 
6964,693260016284; 5674,8372672324185; 5973,765677536836; 3718,830237749964; 5975,239192247391; 520,5182467456907; 2799,427585311234; 1625,73828125; 690,3687744140625; 6419,579498291016; 1651,896240234375; 5734,69140625; 5624,305052757263; 1454,4641723632812; 482,59566497802734; 1195,7928466796875; 6300,09619140625; 1170,249197602272; 5965,033386230469; 1514,1749267578125; 1030,894947052002; 5933,2684326171875; 550,9071044921875; 696,7086791992188; 8188,2578125; 3456,5889892578125; 527,6554565429688; 6033,354591369629; 4108,3028564453125; 468,0605902671814; 
802,5401979982853; 5956,068981662393; 5782,335561811924; 580,8987027972416; 1487,8476954342332; 6783,920129150152; 4003,15457255207; 6018,557434082031; 3490,2398681640625; 867,2127685546875; 5765,406555175781; 1541,8029174804688; 1450,5398203134537; 1958,4595947265625; 8305,348022460938; 983,6009521484375; 866,8896155357361; 5594,6060700416565; 6334,9246826171875; 5970,250564575195; 6042,651397705078; 1152,4925537109375; 1009,7008514404297; 1826,2420043945312; 627,0144119262695; 5824,080919981003; 1090,223804473877; 5944,15251159668; 791,9183475971222; 909,0716495513916; 
5926,791697296314; 5793,220524134114; 1230,6799833148198; 2238,2625708047226; 7490,498823165894; 1376,6943863341585; 6023,00273566955; 890,1981201171875; 5989,50279712677; 1580,825958609581; 1635,5565185546875; 5862,4273681640625; 7220,824188232422; 5777,44099521637; 6027,309631347656; 551,727855682373; 1388,6265869140625; 5745,551992416382; 6060,0403842926025; 989,7158508300781; 6043,720855712891; 8659,09375; 380,27768325805664; 430,404052734375; 6221,103515625; 5963,955337524414; 1279,3586692810059; 6020,515655517578; 658,0681762695312; 4301,349792480469; 
225,18596090003848; 1706,641703736037; 810,0554046271718; 950,5494783872273; 1270,9168420022506; 6171,681470881642; 8436,5980248462; 477,7598571777344; 5654,492874145508; 3736,1176147460938; 1254,1240844726562; 5944,902160644531; 6335,53125; 1202,5574469566345; 2180,044921875; 1523,4967041015625; 4554,900390625; 5966,398763656616; 2274,9494018554688; 726,6840209960938; 417,11591720581055; 6170,0888671875; 6575,163146972656; 6068,919586181641; 566,4524536132812; 5729,581359863281; 570,7683410644531; 2066,4765625; 5881,752737045288; 867,221363067627; 
6040,984492324293; 461,9052276252187; 5892,872030074184; 1351,8070338778198; 1471,0610632197931; 1585,0877474863082; 5997,327182791116; 1846,3433227539062; 1017,224014878273; 1720,5159301757812; 6086,517425537109; 8089,10107421875; 4045,9183959960938; 1011,3810424804688; 5861,05712890625; 3708,2319946289062; 507,425048828125; 797,2298583984375; 2008,7274780273438; 1560,9066162109375; 1536,3677978515625; 7036,86181640625; 5952,722228527069; 600,9866027832031; 395,71392822265625; 6575,87255859375; 817,53076171875; 3260,9535369873047; 6440,9033203125; 1883,2526245117188; 
2698,4006988853216; 2158,5840411931276; 6196,9570520468405; 4255,974960858934; 6246,123740067433; 1034,087310317759; 1184,326741161059; 390,5895925760269; 3473,082275390625; 1088,4979858398438; 6239,698150634766; 967,5692825317383; 1967,886962890625; 6117,05322265625; 4883,03466796875; 1170,3026123046875; 7164,119140625; 5727,0556640625; 1299,1906509399414; 4875,38330078125; 1223,3206176757812; 6043,584774017334; 1962,2188720703125; 6059,120208740234; 3246,4988708496094; 1870,4954833984375; 5698,359415054321; 707,6310949325562; 662,4259033203125; 552,2140197753906; 
6452,8092007878; 1175,9640460759401; 808,6053199383566; 1274,565328923054; 854,0695982486941; 1990,1439061714336; 6064,350442272553; 913,4578857421875; 2584,0787963867188; 6192,71875; 6318,937805175781; 1712,2095386981964; 5659,729682922363; 1309,2645263671875; 1137,1627197265625; 6983,33203125; 6385,81884765625; 734,8140392303467; 5433,1160888671875; 1804,5300688743591; 5976,8047523498535; 6506,426513671875; 3197,0703125; 5748,420702934265; 5939,131098270416; 2381,178466796875; 796,794921875; 683,9256591796875; 854,6613159179688; 5816,165065765381; 
2427,57023396343; 7268,288171667505; 6097,981156945229; 1677,8819045251507; 639,478200674057; 8328,64128439564; 5918,347997117555; 1820,71679854393; 3439,0064086914062; 8572,74609375; 2055,007080078125; 5978,396278381348; 1405,6218872070312; 732,48956823349; 5679,84753704071; 5586,417388916016; 628,5197143554688; 6496,00146484375; 2234,46875; 609,7918701171875; 3827,6928100585938; 1346,8495483398438; 5986,208602905273; 783,6263236999512; 5967,8331298828125; 5545,234375; 6025,0787353515625; 1243,6268920898438; 965,56591796875; 7110,041748046875; 
940,6244368478656; 1759,6582642965418; 805,2968751788139; 6099,67012941208; 5873,295510113239; 976,4810447692871; 806,37802066519; 5509,158153772354; 1296,7445068359375; 5672,53367805481; 1447,60595703125; 8215,641357421875; 1628,3043823242188; 7134,0361328125; 6231,676750898361; 1370,031005859375; 1285,5313878059387; 5985,117965698242; 813,1209716796875; 6253,391822814941; 5862,172943115234; 6504,0078125; 1456,5146484375; 894,4720611572266; 2243,439208984375; 1145,4187846183777; 2057,6435546875; 1566,2455444335938; 6009,84912109375; 6024,561874389648; 
5800,595931768417; 900,7539265467785; 6130,4958498850465; 2757,944702386856; 858,019207514124; 1005,6861473617828; 6538,1663196506925; 5802,47216796875; 5511,7337646484375; 5885,991912841797; 772,3520736694336; 1358,8694458007812; 3014,75; 6207,571716308594; 5940,5360107421875; 6345,884056091309; 2615,5372924804688; 5777,048608541489; 414,2102813720703; 7379,72802734375; 787,6260986328125; 5952,502014160156; 510,68274211883545; 440,2347412109375; 5792,846498966217; 5732,435821533203; 927,4910049438477; 7143,709716796875; 1186,8258119821548; 1356,9945678710938; 
2050,3948559984565; 1367,2143771275878; 3589,685029178858; 3786,117349921534; 3292,5162211982533; 2952,423043422401; 1029,285915343093; 2115,525390625; 5851,344085693359; 5912,5859375; 5965,103153705597; 469,89044189453125; 7118,28059387207; 5885,06298828125; 771,9674224853516; 2168,3084716796875; 5832,243438720703; 716,3767704963684; 4384,8245849609375; 6016,291015625; 5576,36474609375; 1023,3671875; 6342,7611083984375; 1237,8839044570923; 5644,704162597656; 545,08349609375; 7827,984375; 500,7659878730774; 5730,919092178345; 712,3221464157104; 
1553,5641169548035; 2052,9910691976547; 1875,9811184361356; 5942,6913755282; 6203,813469326606; 1503,2778623020276; 6039,095561037771; 5974,5595703125; 1305,711669921875; 2191,7005615234375; 5471,277380466461; 1654,9259359836578; 1641,0729370117188; 6023,121551513672; 6130,237060546875; 1137,3088989257812; 6430,598518371582; 1614,1585693359375; 944,2587890625; 5683,765167236328; 999,2847290039062; 5292,299499511719; 3709,08447265625; 3704,603271484375; 1421,477180480957; 8183,9873046875; 1573,450927734375; 6030,890625; 1851,1512451171875; 500,9876708984375; 
1362,6906508915126; 6531,956687808037; 449,9502252101015; 8916,120131656528; 233,01669797474005; 6175,873856518185; 1091,7140202855808; 987,1900634765625; 6247,030517578125; 808,0366058349609; 901,8299560546875; 304,48028564453125; 3540,6541748046875; 3285,3033447265625; 7153,09765625; 824,2188993692398; 1026,3282470703125; 5888,0047607421875; 1612,3966674804688; 646,1306457519531; 1719,260009765625; 6920,62890625; 5522,085536003113; 5985,537857055664; 5814,009689331055; 7243,553451538086; 2645,770751953125; 1730,204345703125; 6508,55322265625; 1201,03125; 
1003,5413549844866; 6539,746499060071; 1539,8555632829666; 6975,372100830078; 7175,422477652375; 5758,622086751042; 951,0043807306067; 6152,3857421875; 6252,2978515625; 5786,7877197265625; 5833,640403747559; 2490,2869262695312; 5919,181498527527; 6379,556488037109; 8428,028564453125; 6583,626571655273; 5809,344401240349; 8707,451171875; 1181,7721557617188; 810,2721405029297; 6674,3740234375; 2267,7045516967773; 745,63134765625; 7109,810680389404; 3559,4627075195312; 6064,989589214325; 401,5887451171875; 3561,2239379882812; 5646,659255027771; 1673,99853515625; 
648,9586319327354; 6106,546844700351; 6456,637118458748; 1740,9851321618771; 6166,379237352419; 1383,726429104805; 577,6777705997229; 1240,0374755859375; 1494,078125; 1147,6521377563477; 3635,674072265625; 7578,87890625; 7442,0401611328125; 3805,1178588867188; 5954,715050697327; 853,063803434372; 419,13951110839844; 1046,8984375; 1966,7191772460938; 6080,289306640625; 7321,220703125; 1849,0402221679688; 5796,068252563477; 502,8050537109375; 6120,625652313232; 632,7193641662598; 3175,9489175081253; 1340,9418334960938; 5895,002236843109; 5776,3411865234375; 
1281,6177309080958; 1766,7997448779643; 6467,932105795946; 3287,8078260200564; 3320,711845291109; 5914,885659003812; 5768,956303372979; 744,1116943359375; 1440,1494140625; 6122,650390625; 4541,241027832031; 6503,265533447266; 1473,2807006835938; 6918,006103515625; 5728,096492767334; 1076,1923522949219; 2276,0147705078125; 5818,11684513092; 314,0057907104492; 2559,5428466796875; 5626,058837890625; 1473,6483154296875; 880,0648422241211; 412,2629165649414; 6812,5234375; 5884,058499336243; 1611,92138671875; 866,42041015625; 688,4660034179688; 2729,6207885742188; 
6175,18242647592; 5900,831798553467; 3794,737129685469; 671,229673221002; 5985,899127799319; 5670,152383096516; 1145,1819493666117; 1468,9249877929688; 5845,858936071396; 3796,890625; 2832,5225830078125; 5839,366271972656; 5895,148742675781; 5707,314898967743; 1120,7898559570312; 5517,4942626953125; 5631,80859375; 3484,8741455078125; 3176,3928833007812; 6086,743293046951; 5973,769287109375; 1957,282470703125; 929,5416345596313; 2076,012451171875; 895,8694763183594; 5756,69189453125; 1132,6125679016113; 552,7187805175781; 6155,858215332031; 1896,8203125; 
1567,3585364818573; 6181,370125290938; 742,9032343523136; 878,020914465189; 5721,796317849519; 1646,4408843727965; 994,1742753414437; 6026,829986572266; 748,164794921875; 5748,548278808594; 1906,6640625; 6319,152450561523; 940,2824039459229; 7749,43359375; 3496,295654296875; 5854,888671875; 1888,0798950195312; 5932,855224609375; 2040,1224975585938; 6166,7578125; 6090,249900817871; 1172,8333435058594; 755,8513793945312; 567,5614624023438; 543,956298828125; 5735,48095703125; 7080,6171875; 731,9522802829742; 1319,0490112304688; 8155,6484375; 
1097,8241404294968; 543,9955632686615; 5960,308219230759; 5780,396167154431; 6917,341320157051; 5910,902321875072; 1299,8972674552351; 1216,0158996582031; 1482,9264526367188; 6126,968994140625; 5769,952331542969; 6132,0377197265625; 5752,156865119934; 5925,467670440674; 5850,973422050476; 6072,88224697113; 607,0849752426147; 7090,237731933594; 5950,791923522949; 1083,794448852539; 543,2777376174927; 5714,353515625; 5599,6121826171875; 5577,4166259765625; 1628,4210815429688; 577,1286678314209; 946,59716796875; 3601,97314453125; 2135,6346435546875; 486,3929138183594; 
5967,987924989313; 1679,1994701456279; 6081,762974373996; 5910,49978193409; 498,75109124183655; 1425,5988475866616; 777,4336318939459; 4926,5115966796875; 950,7328796386719; 3814,8504028320312; 2065,7408447265625; 7219,5843505859375; 427,77337646484375; 734,0791015625; 2483,9886474609375; 864,1689453125; 7166,301177978516; 1097,0581359863281; 5997,300592422485; 6662,527404785156; 980,7821946144104; 815,2746772766113; 6233,4188022613525; 3736,5474853515625; 1420,0111694335938; 5987,800717353821; 5798,172332763672; 623,0305786132812; 5593,109619140625; 6255,221435546875; 
2442,7075592400506; 5998,171720958198; 6501,791977765039; 1068,0116764329505; 5592,077214742611; 4255,494930488494; 835,4565988551949; 5939,143615722656; 1352,256591796875; 6078,320840835571; 5893,718111038208; 5971,487518310547; 2551,3262939453125; 997,6016006469727; 5959,154057502747; 1112,2310638427734; 1333,761474609375; 916,9547424316406; 5970,756057739258; 1242,1975708007812; 1011,21728515625; 1389,7191162109375; 3604,16796875; 466,21004486083984; 1364,5137329101562; 1602,891845703125; 934,6868896484375; 6158,644374847412; 5842,383197486401; 553,7507934570312; 
7107,381478917785; 6524,0197304505855; 740,6022885735401; 6504,168147588681; 5951,044559784737; 6021,170257895891; 2452,543197250925; 3814,4940185546875; 1517,1528930664062; 3276,115234375; 2814,7645874023438; 1177,4293823242188; 5821,349714279175; 1907,0675048828125; 3362,3954467773438; 5970,6822509765625; 8381,736328125; 1429,9688720703125; 2232,1497802734375; 5568,4031982421875; 973,392578125; 5929,209737300873; 1016,0740051269531; 1120,5786743164062; 3491,1441650390625; 1009,9410047531128; 1235,4367065429688; 5735,330738067627; 5805,527038574219; 6438,5595703125; 
5725,14989599722; 8132,019161873848; 901,58572518708; 952,3903962954901; 5577,00348839236; 6034,181126228552; 1884,9522748906165; 1537,385009765625; 3670,948974609375; 6106,6627197265625; 5921,666275024414; 6037,888994216919; 5995,75439453125; 8264,33984375; 5904,696838378906; 5728,366790771484; 643,1158447265625; 769,8045654296875; 915,9517822265625; 6040,2459716796875; 6253,792663574219; 1298,1387939453125; 398,8276672363281; 1134,7965087890625; 1715,9729614257812; 5943,681037902832; 1348,6240234375; 721,4613342285156; 6053,133361816406; 1600,29931640625; 
586,5447595119476; 2734,1863103992273; 1310,154959839008; 1366,880798267881; 5609,031336451415; 5796,048045105455; 1230,5807241899993; 841,5263671875; 6375,9783935546875; 1838,185546875; 4353,624816894531; 5937,918863296509; 6233,687744140625; 463,25866508483887; 6074,280921936035; 6332,582702636719; 5857,937850952148; 5937,223434448242; 1839,7858276367188; 6711,6259765625; 1904,2832946777344; 855,7607421875; 7039,74072265625; 1190,1504516601562; 3186,0537109375; 1099,5301513671875; 923,8633422851562; 8827,90625; 5974,724994659424; 956,8479614257812; 
6286,108844766217; 7630,435455560684; 6311,563246247577; 987,6284788049234; 5796,501872917492; 3198,746511466801; 3864,9258930273354; 911,7432861328125; 930,4808044433594; 8387,521484375; 899,2486995458603; 731,328125; 3899,255126953125; 1428,364013671875; 3195,8222045898438; 6043,444053649902; 587,572021484375; 6026,062561035156; 1040,2392845153809; 1161,6824188232422; 916,7696533203125; 1964,60693359375; 387,6087226867676; 5648,59578037262; 646,0193538665771; 7189,175720214844; 1198,9743041992188; 8392,469116210938; 5949,83203125; 638,1569681167603; 
6103,331864058971; 6557,007548793454; 5775,661824375624; 673,1536556761712; 1274,8882014502706; 1259,7207319764948; 676,7781976466067; 962,2630004882812; 6023,301040649414; 5890,030536651611; 7240,012023925781; 5862,93359375; 943,73095703125; 6172,9644775390625; 5775,623218536377; 8847,0693359375; 6019,592834472656; 842,1323661804199; 1418,4004516601562; 1341,1218872070312; 6408,625; 6132,814945220947; 5714,2885093688965; 552,8319244384766; 3135,2565307617188; 1337,0629272460938; 731,9299745559692; 818,4742431640625; 1705,9659423828125; 9468,9140625; 
1174,6928379535675; 1059,2981588542461; 6257,952866256237; 1388,1642588945178; 6156,621826402246; 5741,259588837624; 6148,132842475548; 5968,439998626709; 1355,7964963912964; 6044,196663856506; 8960,015625; 6274,01794052124; 1894,4415893554688; 6448,59765625; 1034,5704956054688; 1009,6870422363281; 5922,0467529296875; 1264,0559931993484; 5986,4979248046875; 6253,588134765625; 431,22425079345703; 912,3341445922852; 5972,924458503723; 6021,9228515625; 504,86712646484375; 748,9218254089355; 2838,8551025390625; 6000,2095947265625; 828,6440677642822; 5999,944610595703; 
6213,70167247206; 6116,813194844872; 5636,896905899048; 1033,2725083838666; 1575,415636844933; 773,0794064672664; 1248,4387379889295; 940,5711975097656; 1826,6271362304688; 2984,8544311523438; 7060,25390625; 6632,356906890869; 667,3193969726562; 6219,7147216796875; 2211,3224487304688; 516,7364501953125; 3462,0422973632812; 6190,5213623046875; 708,0791625976562; 1272,6270751953125; 6075,187255859375; 5699,2779541015625; 900,6404418945312; 7215,3583984375; 1938,4089965820312; 5709,960205078125; 2235,2987060546875; 1122,5805892944336; 5828,300262451172; 6047,446350097656; 
2660,9158739745617; 1105,0201064366847; 2925,479144215584; 2178,16894969251; 1386,7278880476952; 1171,3383337818086; 1299,9138529309837; 1015,1276397705078; 6083,975758075714; 7125,599792480469; 1379,6999608278275; 3270,8067016601562; 1596,9720458984375; 2540,484375; 7434,087890625; 6403,579183340073; 2632,083984375; 5857,784477233887; 5933,302289962769; 6363,250244140625; 3490,8817138671875; 517,1726684570312; 2172,7312622070312; 2401,5888671875; 6871,499990463257; 6048,310279846191; 4512,819885253906; 4046,8771362304688; 2646,8475952148438; 1253,0274047851562; 
5739,084722083993; 6197,123240917921; 5983,010461422615; 815,6414884106489; 670,7667149268091; 2647,4612712860107; 732,7828972094139; 2979,326904296875; 5998,8109130859375; 5848,762451171875; 6156,75341796875; 5984,840045928955; 2295,992218017578; 2478,85693359375; 1026,207968711853; 1475,65625; 1693,376953125; 1395,9444580078125; 1773,03271484375; 6104,4365234375; 2722,8948974609375; 1426,5779876708984; 1943,093505859375; 1467,2842407226562; 563,5394287109375; 792,31689453125; 1360,7047729492188; 837,6335315704346; 1923,1842651367188; 831,470703125; 
757,7090272903442; 1263,5831449268699; 5624,325500118379; 1454,8183230869472; 5854,443964845152; 638,3491442702198; 1965,0433277115226; 1905,6483154296875; 6498,979705810547; 6621,580924987793; 1024,715908050537; 7178,849609375; 1072,2098999023438; 5696,93017578125; 1287,145444393158; 1588,1412353515625; 8290,677978515625; 4302,62109375; 1936,1219482421875; 5999,216762542725; 2762,5948486328125; 971,1427001953125; 3273,7024536132812; 6090,782043457031; 6056,363859415054; 6218,936492919922; 6042,177752017975; 7106,875732421875; 2194,441421508789; 2143,6559448242188; 
1436,2187706902623; 2789,6277114748955; 634,1853041648865; 1270,6402522676944; 980,0353884648575; 1057,551491723945; 5902,739464012873; 6047,008544921875; 6050,6510009765625; 5917,97881603241; 3598,9263305664062; 3946,4464111328125; 1074,526903271675; 846,8318939208984; 818,2658386230469; 7243,383056640625; 941,0581588745117; 6078,099437713623; 602,9815502166748; 3404,2699584960938; 6336,057434082031; 2224,4479370117188; 6012,36328125; 5991,79443359375; 5819,441299438477; 2156,8522415161133; 5865,809051513672; 5792,642681121826; 4346,5421142578125; 6121,676712036133; 
6091,557982170023; 5672,203150810674; 5794,886119368486; 1043,7964166169986; 3907,466981733218; 3313,1277098236606; 956,4718020185828; 1286,5233764648438; 5896,6319580078125; 5784,2162408828735; 987,7577514648438; 6109,872530937195; 447,75706005096436; 6036,5263671875; 718,269287109375; 6608,8890380859375; 5737,150939941406; 5929,998115539551; 5913,7081298828125; 5863,059377670288; 6265,2061767578125; 441,83055114746094; 6219,027481079102; 957,6144409179688; 593,5089111328125; 937,3512573242188; 935,7922668457031; 3163,9847412109375; 608,2961344718933; 6263,1666259765625; 
5987,726629987825; 947,1514858715236; 1219,8213142305613; 5656,73832193017; 5907,682251355887; 3715,082886002958; 1416,0845802724361; 6023,58740234375; 699,3859043121338; 1522,1359540224075; 5918,64892578125; 1423,83154296875; 923,2262268066406; 2405,3826904296875; 5594,063232421875; 1161,9680786132812; 2212,9039916992188; 6177,6944580078125; 6433,349151611328; 5999,557058334351; 2322,5455932617188; 792,4667358398438; 970,5337524414062; 832,7924652099609; 3179,6669921875; 1017,2955932617188; 6064,075702667236; 1556,0354766845703; 528,5250854492188; 2906,34375; 
5865,906222909689; 6150,947308918578; 5843,745392958284; 1793,8589172181164; 941,4447654938558; 3975,6356666982174; 1560,8805416077375; 8350,911865234375; 1489,4428100585938; 7157,019287109375; 9131,1875; 666,6878833770752; 292,0887451171875; 5835,653213500977; 5976,853332519531; 5501,200988769531; 2724,4735107421875; 2892,0291748046875; 777,8760986328125; 1542,388671875; 1686,403076171875; 1176,1278686523438; 6012,881271362305; 268,43827629089355; 6837,13623046875; 721,7163801193237; 5626,7994384765625; 5655,55859375; 862,8497314453125; 6107,3511962890625; 
6014,584683589637; 1599,8760687038302; 6322,801047325134; 6123,9032646049745; 5904,386482950885; 6975,438648045063; 2267,184330792399; 1473,4561017751694; 1354,5933837890625; 1331,7451171875; 6184,302490234375; 1514,5975952148438; 1496,541748046875; 6053,085730552673; 976,8105621337891; 1337,17724609375; 1741,8628540039062; 6507,812927246094; 5876,566955566406; 8197,6875; 457,12255859375; 1196,3486328125; 6954,956726074219; 1104,1035346984863; 1049,1839599609375; 6272,82758140564; 1971,001953125; 1052,21484375; 671,6956804990768; 303,184814453125; 
6006,301540290704; 1908,1790981292725; 1054,3635693246033; 5864,6059341952205; 1938,0798584303993; 8246,15461486578; 814,5644980973651; 5909,426570892334; 2200,9898071289062; 6156,820077300072; 8277,968627929688; 5866,609828948975; 9413,591796875; 1178,0000610351562; 6064,6873779296875; 851,4763870239258; 3806,65087890625; 2011,6603393554688; 813,7467041015625; 3158,4247436523438; 1547,7974009513855; 1492,4935302734375; 6218,383739948273; 2955,4780883789062; 295,85540771484375; 754,1636352539062; 5776,107025146484; 576,154052734375; 5797,827449798584; 941,228515625; 
982,3185038566589; 7028,16003370285; 5989,510828031227; 6560,293573030009; 5827,195339031293; 1321,7368715371463; 6636,701583832502; 6002,319488525391; 1131,8189506530762; 5921,302917480469; 1532,37158203125; 963,2300720214844; 1701,297119140625; 1034,9476318359375; 5934,929260253906; 1057,2265625; 628,2685279846191; 7167,95703125; 598,0596923828125; 1042,0421142578125; 1301,9603271484375; 7177,286468505859; 6134,895660400391; 5805,752927780151; 6011,884941101074; 8295,20703125; 640,05712890625; 7997,84375; 573,3158891201019; 225,778639793396; 
1539,276293694973; 1086,3598623238504; 1230,5149122080766; 1454,0274950265884; 3921,4281359873567; 8471,16606464688; 1962,1437772696847; 1036,926513671875; 1050,8551330566406; 6131,128234863281; 5871,887717008591; 1368,7325439453125; 6517,197540283203; 1651,9279174804688; 6063,699768066406; 1400,7509155273438; 1421,046630859375; 6022,190788269043; 6215,0205078125; 3069,0980834960938; 2208,9946899414062; 1131,1609497070312; 2084,353652238846; 529,5897827148438; 6131,019292473793; 863,734227180481; 997,9744873046875; 5820,26611328125; 583,62890625; 5801,544319152832; 
6251,5032143712515; 5982,783909936785; 5958,44749417901; 2328,7639819346223; 6524,991253758779; 5863,039339682376; 6123,864306603093; 1459,7030029296875; 1666,6229858398438; 3264,965087890625; 1534,122512102127; 1373,9285278320312; 616,1167602539062; 1059,4834899902344; 1789,2526168823242; 9391,9248046875; 6065,826904296875; 6147,415954589844; 1169,2099609375; 8175,078125; 6094,410858154297; 5940,541046142578; 557,1044921875; 756,8118591308594; 668,7281494140625; 5809,6494140625; 960,451416015625; 6167,712921142578; 6056,979583740234; 6433,072021484375; 
6257,61950353767; 705,7988610267639; 5873,348725794704; 6246,2642730665975; 1342,934434082359; 6045,458938696727; 6091,691657309653; 935,5533360242844; 6257,156311035156; 1554,4295043945312; 1061,986328125; 8311,7236328125; 6096,4468994140625; 1163,798583984375; 5987,1500034332275; 2144,8359375; 1014,9589900970459; 1130,09814453125; 1259,917236328125; 917,6781091690063; 761,6085205078125; 1605,1683959960938; 1618,4832153320312; 902,6050415039062; 5946,22603559494; 5828,669869422913; 651,712890625; 6188,01171875; 6477,5692138671875; 5810,476745963097; 
5638,174248933792; 6035,251347541809; 5425,509338111992; 1141,204386300291; 3245,7041455688886; 6221,5007066307335; 6088,483251608923; 1394,8045654296875; 3188,6155395507812; 5762,873840332031; 895,1204528808594; 854,667236328125; 1550,561279296875; 1118,4490356445312; 6071,757995605469; 790,3916940689087; 1576,8987426757812; 5926,1755294799805; 5808,783386230469; 1533,77978515625; 5977,669895172119; 5808,2076416015625; 5550,333080291748; 667,390625; 5900,932554244995; 5742,77734375; 1425,4892578125; 6012,911732673645; 1170,913900732994; 1152,064453125; 
1129,9967261850834; 2168,3341543339193; 1352,2466783542186; 6039,378271039015; 3423,0664273053408; 6571,918019618788; 995,3949043589964; 1612,12548828125; 799,3924865722656; 5702,056549072266; 1314,593017578125; 1339,9447021484375; 6142,1826171875; 5929,2813720703125; 671,2884216308594; 6309,2230224609375; 5704,6544189453125; 5928,576055526733; 1507,4618530273438; 1525,289306640625; 6084,481063842773; 1025,5589599609375; 513,421875; 892,285177230835; 2329,73486328125; 778,6259765625; 3668,853515625; 1216,2042236328125; 2099,640625; 573,1729583740234; 
697,8209128441918; 6124,547482921065; 1329,6503656804562; 7420,038555726409; 1393,6766434127057; 8377,598964639008; 1645,9669275321066; 5868,142105102539; 6019,018345832825; 302,85516357421875; 1466,3565063476562; 6009,376525878906; 6177,1588134765625; 6010,082183837891; 5952,6405029296875; 1317,4165649414062; 1519,168424487114; 5999,742980957031; 924,697998046875; 772,3045673370361; 626,3412208557129; 5836,9766092300415; 8045,61328125; 1146,652342915535; 5630,94482421875; 551,9823913574219; 1290,62548828125; 141,199951171875; 6185,3104248046875; 2382,58203125; 
619,0572603344917; 2745,1423102729023; 727,8479449748993; 5544,622788924649; 1328,0260816834384; 5797,722844371572; 6081,303569840267; 5953,048004150391; 2180,0267944335938; 979,2844848632812; 2238,6614379882812; 5475,123092651367; 888,8843727111816; 6175,437072753906; 775,5380859375; 6646,3795166015625; 1838,106689453125; 5994,3229105472565; 6589,150039672852; 6092,2501220703125; 1051,5215301513672; 6555,6376953125; 464,42070376873016; 861,05078125; 4218,87451171875; 5881,051208496094; 1733,856201171875; 5760,851421356201; 2495,5807495117188; 6549,2645263671875; 
464,38697747071274; 558,700084824115; 755,798485946958; 1028,4738284125924; 5867,601599686779; 5643,9586911654305; 5944,612150771274; 569,7913818359375; 875,2167415618896; 6050,56131362915; 6311,039367675781; 6896,9383544921875; 5868,669525146484; 567,1694641113281; 1380,35400390625; 1758,919677734375; 2149,9105224609375; 1550,5179443359375; 4488,732421875; 1007,4930458068848; 6210,3353843688965; 467,89703369140625; 8685,466796875; 7082,257080078125; 3815,1300048828125; 3199,736328125; 920,5936737060547; 5527,130439758301; 838,1148071289062; 767,7862548828125; 
1477,771635081619; 6089,3510177221615; 6208,901184157119; 8385,63061016376; 1002,5928132192944; 5760,461837082536; 8202,770015393691; 6082,675354003906; 412,3294677734375; 7185,5008544921875; 5901,193328976631; 833,5871839523315; 1091,2258605957031; 6098,298904418945; 6606,323974609375; 4960,655822753906; 1269,7739639282227; 600,0913453102112; 5900,89837038517; 1508,5934448242188; 6052,087745666504; 6087,624847412109; 2417,55859375; 1134,9046630859375; 6377,053749084473; 914,5494384765625; 5715,037490844727; 1844,0315551757812; 3345,5791015625; 1006,5862426757812; 
3873,258320025945; 8509,048174798489; 1327,2834714331984; 157,59203417275057; 5992,481730682914; 1549,361699103145; 7195,002118006349; 5642,461887359619; 6833,69140625; 6051,611688613892; 1526,7044982910156; 542,5325012207031; 763,9150390625; 635,5055503845215; 8938,783203125; 5977,632507324219; 8143,714202880859; 5993,269964694977; 6104,8590087890625; 4901,386474609375; 6071,2154541015625; 633,9818725585938; 539,9480438232422; 740,2276611328125; 1242,6287841796875; 1024,4168038368225; 488,98541259765625; 978,43115234375; 3881,8161010742188; 509,8485412597656; 
7291,956825598765; 1450,3950528928162; 5672,044922133546; 6174,545515015721; 5802,2491313452265; 1098,3488571477576; 752,7491661179811; 6108,776885986328; 5986,638488769531; 6530,1875; 706,2667957544327; 1930,2021484375; 5895,5032386779785; 1340,5725708007812; 2771,5067749023438; 1287,0735263824463; 1359,8460693359375; 2390,685546875; 1613,7138061523438; 742,246337890625; 792,04541015625; 3524,9119873046875; 1524,1546020507812; 1520,9493408203125; 6208,51944732666; 2921,1727294921875; 912,6351013183594; 5963,569519042969; 638,6789848804474; 1170,4327392578125; 
6054,435946327983; 1221,603149478699; 5669,218663305044; 8021,166763899149; 6068,426535896004; 6030,1581491813995; 1261,229999136005; 6037,6143798828125; 1743,4526977539062; 6435,896240234375; 5705,15508890152; 1898,1529541015625; 689,2417602539062; 1991,232421875; 1047,066710472107; 6074,857849121094; 1700,82373046875; 6062,624198913574; 3524,0388793945312; 2615,643798828125; 1554,5167846679688; 821,4520263671875; 752,564474105835; 6113,005828857422; 4915,40625; 6046,915955543518; 3371,6363220214844; 744,9218597412109; 361,8307580947876; 5845,925048828125; 
6065,17741839128; 1552,7730293385684; 1097,4299895092845; 6684,984062491567; 554,3606123509221; 7445,191429018974; 5606,027097421783; 1615,8852455615997; 6165,28125; 8291,44169998169; 5911,8443603515625; 3383,0458984375; 898,7744750976562; 1070,5093154907227; 1066,7086181640625; 752,0208129882812; 8190,158935546875; 5983,925689697266; 5830,338703513145; 5880,402191162109; 5976,717819213867; 5735,30322265625; 525,9429931640625; 1747,3446655273438; 6573,73893737793; 1186,83056640625; 5678,325927734375; 498,1165908575058; 1038,880615234375; 6377,223472595215; 
