0,6222816200169548; 0,7228527833478688; -0,6069436879291404; 198,0; 0,28723315298582697; 
-0,44901227347496153; 1,140662898932384; -0,8408761834249052; 173,0; 0,5044997370863763; 
1,0976073406839788; 0,22703669561416318; -0,342129960284165; 236,0; 0,11490115861563244; 
0,08701171995987113; 0,44496916661284924; -0,6224880381075741; 192,28125; 0,5092220689761812; 
0,2616205575705737; 0,5801852579915672; -0,6432126102222298; 170,65625; 0,5134094722255037; 
-0,010073785076221475; 0,5344374065744049; -0,7126118061856321; 172,03125; 0,5603619466220617; 
-0,10252319466762987; 0,5881555018653739; -0,6979401925108818; 162,73046875; 0,5422273288955042; 
-0,03160587465152459; 0,5422027824200246; -0,6928831450191506; 171,890625; 0,5448375589568715; 
-0,10412051414693374; 0,6003561399997094; -0,7633652278194791; 170,96875; 0,5865375551167296; 
0,02247228601353548; 0,5193620908862807; -0,64581076922847; 176,73046875; 0,521925381594335; 
-0,010399805230219931; 0,5505479678038342; -0,6641290461880774; 171,201416015625; 0,545559456806549; 
-0,0768791370824192; 0,5869121269936; -0,7114197456153861; 167,585205078125; 0,562835150861378; 
-0,09937319125913852; 0,4634157917797694; -0,5916046572092273; 171,1766357421875; 0,6341186279132026; 
-0,029581987924722983; 0,5764909490850966; -0,7110480600874414; 174,16845703125; 0,5669334560719915; 
-0,1544807749001839; 0,5560357912285413; -0,724159927041017; 173,0928955078125; 0,608295789874494; 
-0,05596349609562175; 0,5678326165337377; -0,6822987986419438; 167,5630645751953; 0,5548543457563067; 
-0,08228682677244356; 0,5786765374153356; -0,6852178794354318; 164,7953338623047; 0,543016202231901; 
-0,12017398556355924; 0,5862463590633816; -0,743241805039212; 166,90761041641235; 0,48080953601870147; 
-0,07541463023819336; 0,5856373338618701; -0,7006336813248313; 167,53989028930664; 0,5469351313699626; 
-0,07527982451700109; 0,5777429277904989; -0,6842960614794955; 165,92853832244873; 0,5405164793945119; 
-0,07331322308822527; 0,5777063839573583; -0,6872022798617139; 166,3121601343155; 0,5446798002726042; 
-0,07128478144027608; 0,5755695704409093; -0,6829092789918472; 166,25208032131195; 0,542171035077221; 
0,01490098807833859; 0,5072903617533497; -0,7740091343398203; 168,04869270324707; 0,6217383808257155; 
-0,06928852180521902; 0,5772112915953711; -0,6842190347122887; 166,95387360453606; 0,5388702095459845; 
-0,0707654167825046; 0,5779003000035396; -0,6863853610203314; 166,8237275928259; 0,5414478614330719; 
-0,04168783075670819; 0,579014320691757; -0,6533775000286707; 174,8237275928259; 0,5218237710325734; 
-0,06977304440794671; 0,5774553024420281; -0,6850910000691277; 166,91576789319515; 0,5399456722423127; 
-0,06343571775689055; 0,5320884618664662; -0,6634510705363506; 168,35952661558986; 0,5624365479026991; 
-0,032789323596364106; 0,5324645425065612; -0,6858059449070117; 169,10818417556584; 0,5493017628647016; 
-0,03695515351369846; 0,5817789748899944; -0,7311345772256133; 167,61016760300845; 0,5323263527666064; 
-0,07522669372319062; 0,6085597179320454; -0,7607999168094501; 160,8728211671114; 0,46274808358249164; 
0,024931212585904992; 0,47818229891256814; -0,6244038938684634; 169,75001457051258; 0,5795630497572649; 
-0,04607802815531059; 0,5454629964168572; -0,7000263041285119; 167,3383602547692; 0,535435452468382; 
-0,02753184490257141; 0,5529226260800308; -0,7070203854674038; 169,2133602547692; 0,561568022185563; 
-0,07090869210973755; 0,529515626000809; -0,6973405835081407; 171,7133602547692; 0,5314947255198994; 
-0,057424186524112644; 0,5700560462766722; -0,7212623980369389; 165,0883602547692; 0,5108638948526977; 
-0,05807890445155674; 0,5556279357022403; -0,711963675130487; 167,18688035416926; 0,5204879847004911; 
-0,005147997428571985; 0,5253480419762624; -0,6438608692235191; 175,04612736895058; 0,5639776311278002; 
-0,06032463801087984; 0,5412586877577074; -0,7033307071727579; 169,4736959541584; 0,52922689155282; 
-0,05821461951045202; 0,5468044226197832; -0,7039673196665088; 169,41981266715072; 0,5336932106707886; 
-0,06498489857174154; 0,5417334858850905; -0,704654019446548; 170,35130204844364; 0,5291172798433402; 
-0,07154841253366855; 0,547050851707594; -0,6869464082183625; 167,20598126034935; 0,5313129809937969; 
-0,0925839044720637; 0,5414166588512972; -0,6708486545098472; 165,9711639683992; 0,5231009472214417; 
-0,054389280677012146; 0,56001994820514; -0,7131704331438358; 167,2805676711426; 0,5285239788048389; 
-0,06342186863750089; 0,545653221049599; -0,679470582983505; 164,97596895309428; 0,49956040390039586; 
-0,033382155867186465; 0,5637497184160862; -0,6971060225005425; 165,71856910891705; 0,5205698982649183; 
-0,10113894383620652; 0,6098297193299024; -0,7278387950396175; 163,663446408075; 0,424616113097845; 
-0,10120633158552894; 0,5756193279037212; -0,6939761984427785; 164,18777922611514; 0,47328793228739285; 
-0,09218131746097169; 0,5609263583617472; -0,6864107171550888; 165,10751994518154; 0,49848932461148565; 
-0,19178999162264407; 0,5912316111216132; -0,6801211449443186; 166,36968635420163; 0,5240501315546987; 
-0,02154025950350132; 0,5372149185005328; -0,693125266979486; 159,8822088696779; 0,4788250794619179; 
-0,03117647905977021; 0,5739960207488952; -0,686014777447931; 158,3216524889508; 0,5197149321977306; 
-0,022195843835758067; 0,5483058533778573; -0,7075727274254064; 159,44232677634972; 0,5007981526778686; 
-0,03453041316819151; 0,5367314661141527; -0,6694242212575121; 157,5241256021643; 0,49497764945873657; 
-0,01924786688393074; 0,5598141153126452; -0,6720841234841426; 165,78487295931302; 0,5364595374541054; 
-0,03421693938445459; 0,5341699351092348; -0,766276470210935; 165,04710350127368; 0,4488513815221077; 
0,010002082333301406; 0,5299826360077534; -0,6535951158042106; 156,4591558888672; 0,4749391902368239; 
-0,03504675092891807; 0,5762006327341955; -0,6860091112512372; 158,72942329007833; 0,5250826670831441; 
-0,01816143205304894; 0,5524395359115245; -0,6817309634149689; 162,32429930295638; 0,5128912200601073; 
0,04139031018143427; 0,5627194595032295; -0,7497367356977478; 163,7816377002734; 0,5533785443753872; 
0,03058961962743455; 0,5555886904880316; -0,7249126988015216; 161,60541342624853; 0,5354313958063608; 
-0,009691512470502352; 0,5635442451543129; -0,7024002352943806; 161,22727313841563; 0,5206419055870468; 
-0,023747914669351347; 0,5584559907165743; -0,6970329703859697; 161,31457352201062; 0,4914779990578121; 
-0,039751399483782306; 0,5816320829578547; -0,7438335205631172; 161,22727313841563; 0,5050393157396417; 
-0,019536469724263584; 0,5610467471128406; -0,7069455428961577; 164,3031057747449; 0,48441859341811094; 
-0,06401622994498636; 0,5940818599524635; -0,7690256577521117; 165,71646502461238; 0,40414157613399826; 
-0,0522776153188927; 0,6227219766308747; -0,7484600701182209; 167,30608719632107; 0,4359867376217697; 
-0,051103574105259265; 0,6264069226448581; -0,7536931021006458; 167,24654738626538; 0,43205274964937834; 
-0,03782941458382121; 0,6149200224063744; -0,7324572611747684; 165,77764508610454; 0,4605887689872027; 
-0,027821084601695807; 0,5752508589618142; -0,7109878784888874; 162,09030585307642; 0,47802252350694974; 
-0,049711516662395525; 0,6251941544935247; -0,7507741924815726; 167,0240977431749; 0,4350714012591118; 
-0,09357683435962139; 0,6093912617501372; -0,7482961199421194; 161,65043933050566; 0,47320403282304857; 
-0,12391696932141552; 0,7064275266638019; -0,8263221165565272; 169,37288897359613; 0,4139760093900292; 
-0,13642363245255665; 0,6490527615567305; -0,8087053870651466; 167,21102944649022; 0,3732272940802275; 
-0,13590854791331003; 0,7278938115722262; -0,7715317700482741; 154,4422765628235; 0,5605610267034423; 
-0,10385082740869131; 0,5693284770149263; -0,7419930058352632; 166,343429865073; 0,44976935695720677; 
-0,18747294595058164; 0,6744834319170114; -0,8732932037168242; 163,6196591522945; 0,5292495276893521; 
-0,09525487187602881; 0,6557132971518207; -0,7950875593601909; 165,3594427366579; 0,4178245094345421; 
-0,1121701201877804; 0,6410262173277255; -0,790256444105775; 164,53924170496796; 0,4187146382432214; 
-0,1945415273842585; 0,6717573050118337; -0,7426417507338345; 171,41950571476787; 0,522228327725481; 
-0,10959132361147583; 0,648796442550625; -0,7797559041646693; 163,6208318260265; 0,40395384739296825; 
-0,09843165496072567; 0,6561560607177068; -0,797538924255585; 165,52885122933964; 0,4135942003265124; 
-0,11354870761626458; 0,6181472925720941; -0,7263995804784585; 170,29717416166284; 0,4808455684782085; 
-0,10341188729636341; 0,6480185481860989; -0,7815394355606253; 163,90267664266094; 0,4210702290305838; 
-0,034465594770816815; 0,6181204863412089; -0,8342486500739605; 170,38120726645928; 0,4687825538385211; 
-0,04852081160855276; 0,7609410092439101; -0,8752635597242839; 161,91179015473554; 0,4484938333654652; 
-0,10051827315065247; 0,6482584689262445; -0,7566149370988648; 165,52743535086177; 0,4337844994020103; 
-0,02712829994929042; 0,6726676313159429; -0,7935306375931324; 162,95531019814712; 0,5194390519887697; 
-0,08604489214802552; 0,6898850755285343; -0,838467775907826; 171,88120726645928; 0,3956733703534736; 
-0,084394663900413; 0,6686504581107885; -0,8084239655212125; 170,2380767875599; 0,4299354805846475; 
-0,02385437964411935; 0,6175848697788913; -0,8246698692247496; 178,0011963086605; 0,3587017171863939; 
-0,10049149046324424; 0,7256203322574866; -0,8633440098213552; 170,0596420270096; 0,4278760744374662; 
-0,09399875513858139; 0,6964721053154732; -0,8324516310775792; 169,71877780301259; 0,41602357857538147; 
-0,08809807723533997; 0,6806540223944335; -0,8198868391448624; 170,2199463086605; 0,40859819726097135; 
-0,030736244998774424; 0,6441501433513679; -0,8356447745831765; 176,9731756486546; 0,4673021861333321; 
-0,08809807723533997; 0,6806540223944335; -0,8198868391448624; 170,2199463086605; 0,40859819726097135; 
-0,08809807723533997; 0,6806540223944335; -0,8198868391448624; 170,2199463086605; 0,40859819726097135; 
-0,09042195372746832; 0,6806554325602105; -0,8153612019631404; 169,44595148317308; 0,4246024023511915; 
-0,22850867663133556; 0,5761647388572092; -0,9709467533726102; 178,26850840598706; 0,47617525290515456; 
-0,1509059775431686; 0,6944834481524327; -0,8780991230011655; 167,62838215179363; 0,49930155958031797; 
-0,14923392685353543; 0,6773605387506835; -0,8758537252229441; 168,94844527889035; 0,48594776298839615; 
-0,11419860539481917; 0,6850888827527204; -0,8100412023424471; 167,30096038083116; 0,45914340859372393; 
-0,1133125929014609; 0,6660994623221108; -0,8442922139607805; 167,98417184716197; 0,5641644311745799; 
-0,21197386763984233; 0,7172707820821129; -0,8220588342814191; 176,22272632755363; 0,4035817951258053; 
-0,17252943113637365; 0,6924192255070605; -0,8299689006818656; 171,28631497705263; 0,43539616315737917; 
-0,1254316906879333; 0,6662409646144722; -0,7849323979451752; 174,07433073901484; 0,4759518056953467; 
-0,16123579463821103; 0,6568697162572801; -0,7980434707320953; 160,01438510579428; 0,44645207966367795; 
-0,1868397195203903; 0,6945196690729002; -0,8496994767891792; 172,42967004155776; 0,43138521995313495; 
-0,2880090432556075; 0,7137966744538604; -0,8902366657409341; 181,48176230104218; 0,3447186536853074; 
-0,2183486352429384; 0,6965462194471621; -0,8457345476490756; 172,45571617129997; 0,42411500273073943; 
-0,2880090432556075; 0,7137966744538604; -0,8902366657409341; 181,48176230104218; 0,3447186536853074; 
-0,21273093507302518; 0,7004753089671029; -0,8469998370032287; 173,0181760150227; 0,43067535034069593; 
-0,21558749223084667; 0,6187357201606155; -0,8594351208157984; 168,1244348465704; 0,3972990319618311; 
-0,18955440810247487; 0,703057100660119; -0,8493059070983857; 173,408308929437; 0,4422876426473513; 
-0,316498738314823; 0,6781933189083355; -0,8087385510677721; 173,34941123337774; 0,4827750732083981; 
-0,28536701633985534; 0,643905472766478; -0,831191437799952; 182,41230268141425; 0,5059161966321595; 
-0,3130381186080518; 0,7248317944942818; -0,7482820911976379; 183,89657981940513; 0,5643461001303998; 
-0,24119406920626404; 0,5791748057352061; -0,7467228840028874; 172,8200615344964; 0,3920201454799614; 
-0,2612629079399632; 0,6448081372802466; -0,8146880063238697; 171,75926611159684; 0,44750698693074464; 
-0,2712891838600973; 0,624751881519146; -0,8051327326378106; 177,91348325223044; 0,46709466552599366; 
-0,25605039630358073; 0,63294323986799; -0,8152068442714289; 171,282735461283; 0,41838794046963257; 
-0,262463024116915; 0,6246612935289746; -0,7997626830140416; 168,418548419168; 0,43040001179481796; 
-0,2582395812559506; 0,6136545629692317; -0,7848620694019467; 167,23999925473782; 0,4197281636675019; 
-0,26611387836848516; 0,6420852920939616; -0,7964856634592992; 167,33849020376033; 0,4461490299634076; 
-0,21971097151559993; 0,7129961159001601; -0,7708437299564741; 150,23999925473782; 0,4345029880208503; 
-0,2766922420982847; 0,6391139433013427; -0,797421956093319; 166,85634955305318; 0,4501316301476503; 
-0,2716965408358892; 0,6402458325200846; -0,8082717829651606; 165,86040831033327; 0,46218290551597707; 
-0,26000002159657254; 0,6222442140914071; -0,7980895535877146; 169,61691120436143; 0,42668844284241053; 
-0,2741785261380677; 0,6391041393619784; -0,807412059954379; 167,23785792957835; 0,46642693674126134; 
-0,22313794331733883; 0,6563588592511101; -0,7483647039070631; 167,4536973910356; 0,39206848752860657; 
-0,2715950346864149; 0,6373413791159797; -0,8021107145958917; 166,45498825776764; 0,4517429098080643; 
-0,2577350742281764; 0,6450522007576438; -0,7834116659413747; 166,78262368410054; 0,43460872075849033; 
-0,2942488851180339; 0,6434768827213231; -0,7680606044473618; 158,98616948979048; 0,43351035415687866; 
-0,17768613625376878; 0,6974152113289944; -0,8118899823646434; 168,2154563403337; 0,5240305828686039; 
-0,29073603323519476; 0,7468965886223894; -0,9171019257291221; 174,48506462388747; 0,3458393063122115; 
-0,2510661890065751; 0,6660315294833264; -0,8008000498989313; 163,0587607895156; 0,467846024168871; 
-0,23043573363822845; 0,6918639300381848; -0,7956308981527973; 159,8232432381899; 0,49299828300073095; 
-0,22498947708713635; 0,6873324381843586; -0,840570887004384; 165,5700319423667; 0,4986346486811576; 
-0,23800629036500454; 0,6760674512244722; -0,7989761110705486; 160,47968106167212; 0,45782941314870645; 
-0,23755133931666608; 0,6798942925964226; -0,7906811736312971; 159,38973394249896; 0,4670100996987874; 
-0,19104084424705195; 0,6966768265557295; -0,8106580798414418; 163,97118554906643; 0,46752699380251306; 
-0,20683864088971474; 0,6904968866534784; -0,8036532839797651; 161,6130117402674; 0,4542312016504541; 
-0,2575130711802414; 0,6892179126093891; -0,8121124807436895; 154,82723394249896; 0,45158794339550606; 
-0,21843700892959528; 0,6958298636016996; -0,8147455851377894; 160,17249320842177; 0,4631468462204008; 
-0,22570763795860255; 0,6923495427548616; -0,8090921173609812; 159,74535648312732; 0,44695494471166614; 
-0,19082389090409446; 0,7280523051643895; -0,8416880402650008; 162,802905430533; 0,4976773310823035; 
-0,30439300588972207; 0,6732580492985876; -0,7590398825979571; 149,8677634571564; 0,49610248142170765; 
-0,2701977270842119; 0,6759490510163201; -0,7856896809466838; 155,38219851964715; 0,4808451679558815; 
-0,24331255278408148; 0,6901684491860844; -0,8217226296307523; 156,7451606792485; 0,4799615260567808; 
-0,22696050624060904; 0,6906090433597578; -0,8003525883615497; 157,03585147710223; 0,4382254825952982; 
-0,22578276383180262; 0,6970375259433733; -0,811663033824831; 158,72373210452474; 0,44182990416883594; 
-0,22607719943400423; 0,6954304052974694; -0,8088354224590106; 158,30176194766912; 0,4409287987754515; 
-0,2269780403425855; 0,7003485032664967; -0,8206572701405035; 158,987861579582; 0,4480262126169521; 
-0,23368827144891519; 0,6926474034981839; -0,819240026604064; 157,91573025492653; 0,46252928021435913; 
-0,23434901656427284; 0,7117611553919583; -0,8402305882247831; 157,95159108674318; 0,47208103315654537; 
-0,2332543301888762; 0,6951736175592804; -0,8204737960944496; 158,20159108674318; 0,4601112675667279; 
-0,22865879573201364; 0,7190472437181245; -0,8423058996379758; 158,26503582643812; 0,46964046983740965; 
-0,2348614093096249; 0,6938454554115328; -0,8209335095711219; 157,99648311235143; 0,4637487674584745; 
-0,23123236386355706; 0,7109920775929357; -0,8358477248430705; 157,97633871651811; 0,47019383850711705; 
-0,18261264909340552; 0,7967585257737194; -0,8681273589099984; 163,96962391790703; 0,4918771024844941; 
-0,27106929422544285; 0,6934679394406608; -0,7564473054042008; 161,98305351512923; 0,5295251633795304; 
-0,2308848770356159; 0,7081353490191739; -0,8320404147260952; 158,170133840216; 0,46879021964695256; 
-0,2308848770356159; 0,7081353490191739; -0,8320404147260952; 158,170133840216; 0,46879021964695256; 
-0,18155530247203794; 0,7938684486635981; -0,776245255899935; 161,857633840216; 0,5079439652432822; 
-0,20840562413452096; 0,7122903348693356; -0,8170180494419801; 158,32491497801985; 0,46326806329695247; 
-0,23337383404333012; 0,7174053300129271; -0,853990256283199; 157,35805351512923; 0,4367660722970524; 
-0,2207732555433734; 0,7133317332977406; -0,8326149107962423; 157,91960924657454; 0,45392699394623376; 
-0,22080237392976143; 0,7137107580835883; -0,8333372213128292; 157,90007799657454; 0,4529495124089259; 
-0,2711850864009867; 0,6977912724713442; -0,8757741017620435; 160,8719937512132; 0,4574893472773432; 
-0,25348691290650405; 0,703322312910207; -0,8584349269365823; 159,29141119799056; 0,4573232989895615; 
-0,2933791695401473; 0,6908030106121259; -0,8954408358269923; 162,3958014988939; 0,4589177170529811; 
-0,3299164997239942; 0,6054854489069078; -0,9005573995127347; 152,83414388085188; 0,5005487209699406; 
-0,22407737871933034; 0,7008228341742258; -0,8658657620728665; 162,1782722020189; 0,420835229231764; 
-0,18044470027604753; 0,7254438938516143; -0,8306564964262186; 165,9864407242967; 0,3660630256551546; 
-0,21534353433245018; 0,7871383419246265; -0,8385130923973229; 169,9864407242967; 0,31478683646810796; 
-0,15948692707076687; 0,7648750027322898; -0,8994155308433263; 158,70100477016462; 0,32684934727693765; 
-0,17988239971942172; 0,7074751925962364; -0,8700263810060378; 166,34013986346065; 0,40859849359604616; 
-0,21314011213956224; 0,6974162532798042; -0,8279264811735503; 161,34013986346065; 0,4104207996882636; 
-0,17136099558289122; 0,6340748414381807; -0,8276898132924408; 155,05577393448462; 0,30901237092084005; 
-0,20548932977296808; 0,6777963204348035; -0,789534504029713; 167,88447396856034; 0,32210299032838796; 
-0,2028899971324008; 0,6779931351801777; -0,8036521613483536; 168,9655810083275; 0,35668383568243167; 
-0,29993770654852353; 0,7291642433463859; -0,8954383120629721; 156,14161592188842; 0,30715378560513296; 
-0,2835311613602378; 0,7186071995220845; -0,9030442098541255; 169,14161592188842; 0,32247265962132554; 
-0,32920317506048746; 0,7356638721778059; -0,8905405459357221; 157,01134854300926; 0,3103536611118445; 
-0,31873644057842987; 0,7235484902542414; -0,8701158565961927; 159,601386739992; 0,32948352864303093; 
-0,22609337654813175; 0,7702230279884555; -0,8681700045091864; 161,601386739992; 0,409860717133691; 
-0,29693164637195896; 0,736165497487512; -0,8755599745804923; 159,17897268320314; 0,3256998763233505; 
-0,2991992583168416; 0,731219019656145; -0,8703862131157265; 159,78146313395746; 0,33028258029352386; 
-0,2909253442421664; 0,7440016363495416; -0,8760759258154394; 159,85988750374463; 0,32156169018675357; 
-0,264752648006211; 0,7298261689132666; -0,8871175530341034; 156,49760904694574; 0,30401430345274055; 
-0,26089489180784264; 0,719741369146245; -0,890156866512587; 155,00605012791289; 0,3008155947243978; 
-0,2905201958968928; 0,7454923078568781; -0,8757346951164905; 160,11755037859228; 0,3206466341403601; 
-0,3218353873542127; 0,7761038624302765; -0,931301854663704; 161,27433543637153; 0,2886939616962623; 
-0,3475728734131747; 0,6485971453896088; -0,8618152592685772; 159,91483695604228; 0,34062163452997185; 
-0,26444352492228274; 0,8019900375341285; -0,932215522685299; 154,64894326800743; 0,4499056010898934; 
-0,2714400112769356; 0,7315735061377875; -0,8855245324581024; 157,55220990616704; 0,3222836002471161; 
-0,2807145761600877; 0,7516035044692693; -0,9409473493519794; 157,97992849945575; 0,3786638541804007; 
-0,24681088129658094; 0,6989261209877551; -0,8656122290486284; 156,50117797350214; 0,3073470638873711; 
-0,2566032003182017; 0,7634879317892923; -0,8960774423066324; 152,78189011202485; 0,31971833226085555; 
-0,2607076973179268; 0,7193049227719328; -0,8905150766384782; 158,291413862993; 0,362796798942247; 
-0,26236819887900636; 0,7158179773967863; -0,8845808103633938; 158,21155543250634; 0,360689284479512; 
-0,2615922189288204; 0,7301218069597624; -0,8921491022857907; 158,1919222072426; 0,3683705993916301; 
-0,27593293932257495; 0,7113774952703429; -0,8605277768543599; 164,06100579432058; 0,2940469010549113; 
-0,2655776221192164; 0,6986924857607294; -0,8594040344915308; 158,81544892641136; 0,3549900289582265; 
-0,2615922189288204; 0,7301218069597624; -0,8921491022857907; 158,1919222072426; 0,3683705993916301; 
-0,26451501118639054; 0,7047415696906778; -0,8657071613442324; 158,43740624985736; 0,35447806921446184; 
-0,2781426738475781; 0,7004846637994652; -0,8583098623948793; 157,56578124737783; 0,369884967169434; 
-0,3080416023656726; 0,723540982906012; -0,7958836696199155; 166,43740624985736; 0,3061938783689753; 
-0,2731486077580736; 0,7014233762044325; -0,860369962988428; 157,93191781240046; 0,36413511378816643; 
-0,3423231989017038; 0,768056183501277; -0,8905403847667462; 162,15870250498875; 0,4076816883279958; 
-0,3145347541429627; 0,7448776210348316; -0,8813241374495243; 160,7873594816794; 0,38901050558263806; 
-0,3181630138946066; 0,747581198647848; -0,882265406983658; 160,9416417607244; 0,39156055472435636; 
-0,3023070231805809; 0,7351130251413693; -0,8776800624181296; 160,19591422128752; 0,3809074105884237; 
-0,29433262354642836; 0,7297128539735501; -0,8677451701516236; 159,48783840578858; 0,36512692503129207; 
-0,2928655814694692; 0,7296028627701343; -0,8681739504812702; 159,50004202919598; 0,36380304666250457; 
-0,29588752907771065; 0,729919950284122; -0,8736068705455616; 159,78806229544477; 0,37404713244809573; 
-0,29588752907771065; 0,729919950284122; -0,8736068705455616; 159,78806229544477; 0,37404713244809573; 
-0,30608245501407927; 0,7382261863915788; -0,8768125674136547; 160,2814150284393; 0,3808970937851107; 
-0,31462560838727954; 0,7263247809693221; -0,8562737197954517; 158,6759097894401; 0,3879701053214615; 
-0,3225652685562004; 0,7206187442946164; -0,8411880196874797; 157,6254063698916; 0,39113785590573025; 
-0,4077078013663835; 0,7808688039997669; -0,8859896598830965; 155,6162999184682; 0,4164687989617585; 
-0,3298452061874332; 0,7418149813116572; -0,9280897192576972; 168,45781586193678; 0,38493649813140507; 
-0,2781549720527542; 0,7437000003595975; -0,9022148881799181; 168,32151798977208; 0,3566846524290829; 
-0,27450004549649726; 0,7150980565464482; -0,8743724879681076; 161,30201108013296; 0,39963723012821784; 
-0,2717812868407466; 0,7159572974106649; -0,8850558847811301; 166,1345686351185; 0,3754165512781852; 
-0,31650350209715405; 0,6781712190113274; -0,8342731225375927; 162,65407554475766; 0,37115898291622257; 
-0,2830203511486301; 0,708352101853166; -0,8747680565342978; 166,00519939156734; 0,37015383065337154; 
-0,3436260062501315; 0,7004036218943128; -0,8404711481321812; 162,96915936690277; 0,3571713674167057; 
-0,3387551659179653; 0,6938553840536443; -0,836118540863658; 162,4671202035674; 0,361318301838228; 
-0,4536030002787682; 0,7793810536150071; -0,97837597557425; 167,55186400101064; 0,44932213236648616; 
-0,3306219271775465; 0,7166220427884943; -0,8665801678547691; 166,19927632157172; 0,3687298060526062; 
-0,3472327358679982; 0,6684620027640401; -0,8111487828547996; 161,3527957469375; 0,370075158195137; 
-0,40395432751887583; 0,6514079771987519; -0,8227664547411678; 162,32356065347503; 0,29573660042694094; 
-0,2900527249570576; 0,6707848150804926; -0,820809078802444; 170,54867343429612; 0,40069951262440917; 
-0,28662870228762316; 0,579485751754018; -0,7532771987576705; 164,27170525970345; 0,4533839159477479; 
-0,36607400327103906; 0,6377780746331081; -0,7978766784942577; 165,2450083798543; 0,33652587196082534; 
-0,3566273286862663; 0,6197726090957536; -0,7645243246235315; 167,62999725128674; 0,36887103085304745; 
-0,3366185276316773; 0,6507265759286214; -0,798670151495525; 161,97926830830656; 0,35731692715305335; 
-0,37535550575398047; 0,5964288517906648; -0,7621282632386692; 167,91244159736038; 0,37675207528448473; 
-0,36734962817710565; 0,6178422515380562; -0,7560016483335807; 165,7798034287844; 0,37359007779323566; 
-0,34737230131815305; 0,6238295263187885; -0,7800396670053568; 165,92993027921904; 0,3692517668853884; 
-0,3339969390095088; 0,5938894931097838; -0,7441673811473528; 170,39789143894703; 0,41199380893130083; 
-0,35173374032727944; 0,5950882537850868; -0,7444377178411882; 169,8079653801423; 0,41715118473782875; 
-0,3281119749005785; 0,5937476557795087; -0,7267471724437071; 171,7034891629242; 0,4575502941911727; 
-0,3538351989284407; 0,6232551625969245; -0,7671082869871659; 166,32250066321376; 0,4123742589169239; 
-0,38944560384660104; 0,6122594351266177; -0,7382504018031919; 167,12653453719395; 0,441498101883777; 
-0,3450665402455749; 0,5973221667054468; -0,8393287232590912; 173,08212455767324; 0,5336643153391535; 
-0,43920935366504704; 0,630308117641877; -0,7443448188777004; 162,97118526451823; 0,4795870191208329; 
-0,3540124076600902; 0,6148964322751911; -0,6492507046116603; 160,41386952482816; 0,46492130898149236; 
-0,40585545392287464; 0,5899144229481514; -0,7299799930114641; 162,38564050533006; 0,4299111974224855; 
-0,39799902236943424; 0,6067726847496884; -0,7498479316055573; 163,78350369354138; 0,44185497664792944; 
-0,3946234999416412; 0,5960685615343088; -0,7401373513678711; 163,38059491581978; 0,42029594204273524; 
-0,44289230028591825; 0,6474625495128666; -0,7374866865826617; 157,15460473283974; 0,4523770276836646; 
-0,37492502755345397; 0,6245815906731506; -0,7366306091640482; 163,5420646529521; 0,44578350879423545; 
-0,3586465763317471; 0,6420880274321459; -0,7408333421341313; 164,0936432825202; 0,45275002483775595; 
-0,3934903488393637; 0,6153353736691349; -0,7539856757693258; 162,81865966262944; 0,45310874397029044; 
-0,37647925774848595; 0,5911330048260299; -0,7441760787101366; 163,09505755727264; 0,4517784170490407; 
-0,3342025978909433; 0,61135402288364; -0,78455584531628; 164,7011715136019; 0,4243667926137704; 
-0,3239321401823948; 0,6119266752786019; -0,7950844111867299; 165,12592883701564; 0,4173256283102288; 
-0,37888107799647214; 0,633520486651342; -0,7543496515207218; 166,93437524079602; 0,4413041627201286; 
-0,3621288840316699; 0,6121391216818028; -0,7425304927846661; 162,40986114805438; 0,44354001493472134; 
-0,3565638158073361; 0,6188044633167269; -0,765661023656537; 165,2514266725969; 0,4364849746789956; 
-0,39747830517475474; 0,5809915965512006; -0,7050753627684895; 159,80706456949432; 0,4852353954023778; 
-0,3535454785996191; 0,6181595262401683; -0,7546746465113761; 164,8921931136071; 0,4349123385968997; 
-0,3661520992578125; 0,5998916658476304; -0,6958202457510202; 156,08789802158972; 0,4511750971486058; 
-0,3146772143081497; 0,576594873500512; -0,7526536037628395; 170,64601007958248; 0,502097278486901; 
-0,33861594162800746; 0,5876058917199178; -0,6972711030255894; 161,27333531339588; 0,4545798998813348; 
-0,3669412210917474; 0,6169093685252436; -0,7283483786278195; 160,80363267073892; 0,45126718790896747; 
-0,36956439115403134; 0,6157427980938612; -0,711900832894512; 159,11933778989763; 0,41918239993135964; 
-0,30546507181251875; 0,596103642060321; -0,7062709212338947; 156,69191467687548; 0,4527174256734839; 
-0,3294399639053981; 0,6072266973497253; -0,7162657794645926; 158,10706424403568; 0,4195817036351282; 
-0,3259355461070092; 0,6058058448216002; -0,7154905929024061; 157,77084095666515; 0,42371223757447407; 
-0,3315143944658356; 0,6002027149989144; -0,7003393600461335; 157,54087291278225; 0,4597422690717827; 
-0,3280529961719121; 0,6053711429728317; -0,7134222523104992; 157,85819586631044; 0,42835711868440207; 
-0,3250530686321498; 0,6006398275222545; -0,7044179969676734; 157,5889088628311; 0,44960980443815546; 
-0,3236843170982975; 0,6120635437031309; -0,7302531686133013; 158,34389594788442; 0,3877245580893283; 
-0,3262883511439181; 0,6030598229786391; -0,7091786672130747; 157,71263300086508; 0,43840285142253776; 
-0,32528101227898987; 0,6012057301749877; -0,7055628469351587; 157,61498744369186; 0,44692058392650535; 
-0,2966921360430329; 0,5753153369807567; -0,6754995307683357; 156,21407046735823; 0,5056606656165133; 
-0,3255971959252727; 0,6020877166925429; -0,7073674163268164; 157,65380170088048; 0,44268534175321783; 
-0,3190938034802172; 0,6447118090768003; -0,6832405215737131; 154,664264300434; 0,45062521695633584; 
-0,32084862055716; 0,6035876195470962; -0,7131083066846046; 156,0439827477884; 0,44694384136708376; 
-0,3381081854423911; 0,6068574467910027; -0,7300558314728811; 157,0993758574982; 0,41547048025233807; 
-0,24274365912243698; 0,7006431953552132; -0,7399304771071332; 164,43767399533715; 0,3821004913176493; 
-0,33676718735517724; 0,6118358955619344; -0,7280821105762048; 156,20456412454814; 0,4210040089874155; 
-0,2758792399864064; 0,6232992816542334; -0,7412515662544605; 154,53551110490977; 0,34863455369470736; 
-0,3215452005129845; 0,6147017420850092; -0,7313744744957686; 155,78730086963856; 0,4029116451642385; 
-0,35052918995293175; 0,5826721982760379; -0,7604106208043273; 157,37003761472897; 0,4701535711817236; 
-0,3386416370784425; 0,5868227206392987; -0,7376778094140899; 154,53505176012771; 0,44255684884027086; 
-0,2858969168527663; 0,6292328138249377; -0,7804505887635493; 154,60803437316355; 0,40284708815896425; 
-0,2665580864522774; 0,6297994100819613; -0,8188015266587232; 155,3505293506198; 0,4416033922360615; 
-0,360930660634303; 0,6800648490048951; -0,6749856752939808; 158,941241908114; 0,5078882726042012; 
-0,2758792399864064; 0,6232992816542334; -0,7412515662544605; 154,53551110490977; 0,34863455369470736; 
-0,30122181169308554; 0,6242305324808834; -0,7532242641154355; 154,75995200209906; 0,4012134333843508; 
-0,36220996365963326; 0,6868401882140868; -0,7998840334387531; 158,72379159510487; 0,4041492491241476; 
-0,33434567373798574; 0,6476506308461176; -0,7849991873669727; 157,49930470873062; 0,361171660358549; 
-0,36220996365963326; 0,6868401882140868; -0,7998840334387531; 158,72379159510487; 0,4041492491241476; 
-0,2970641927073516; 0,6321353955468135; -0,776437813401477; 157,04103325780437; 0,3928359307033788; 
-0,33818158153454386; 0,637508953319514; -0,7383340937543135; 154,2725541995805; 0,38287880039925404; 
-0,3358324230018056; 0,6231007530398602; -0,7350569502216922; 152,08656524182013; 0,4365233910593404; 
-0,30805813619370387; 0,6247051020501132; -0,7448779108413843; 155,81242731746107; 0,38403434063215874; 
-0,3302054650685203; 0,6346475466027374; -0,7551904742454203; 153,428961369756; 0,437898794010532; 
-0,3261496039349034; 0,6347014340824961; -0,7744116204739696; 152,78164022211516; 0,49497652571319994; 
-0,33426132620213717; 0,6345936591229786; -0,7359693280168709; 154,07628251739686; 0,38082106230786406; 
-0,28442023804208705; 0,6104577986460559; -0,7468742880303294; 150,29601697101182; 0,43012602614890333; 
-0,23309173199829358; 0,6818609167186509; -0,754215795717146; 156,22667351111824; 0,35972577426889335; 
-0,29679498723390585; 0,6172361437247317; -0,757043438494793; 150,89083190648446; 0,45747607485270336; 
-0,30515985305463367; 0,6227889388055805; -0,7627004805230184; 151,5041568666167; 0,4695092250122935; 
-0,29466497761449884; 0,6168326911671227; -0,7568449105475429; 150,86541518886747; 0,45677557466184027; 
-0,29533060562056357; 0,6169587700913755; -0,7569069505310586; 150,8733579131228; 0,456994480971485; 
-0,29572998242420234; 0,6170344174459272; -0,756944174521168; 150,87812354767595; 0,4571258247572718; 
-0,27858085530139465; 0,6064165684088785; -0,7498447661472079; 151,5703428236276; 0,45986394700324196; 
-0,2881638702107522; 0,6116329170741817; -0,7513615804731615; 150,2743298566501; 0,4453553621692553; 
-0,2881594929712623; 0,612602070835466; -0,7529979275637366; 150,63110388264857; 0,45082471056366713; 
-0,2890278613818489; 0,6135327334401912; -0,7535759684297443; 150,50930008483567; 0,44970045886356824; 
-0,2936165653779239; 0,6191687243155711; -0,7670450363725284; 145,63745704534887; 0,41250374849998883; 
-0,25539673239421334; 0,6516083445023828; -0,7399798938739118; 159,47811572665717; 0,37068001729685784; 
-0,32203483187614934; 0,6216591937553907; -0,7209609960054222; 150,99122803699277; 0,41933292837600167; 
-0,2906039430267936; 0,6298761416395523; -0,7745284950141833; 147,31661469623606; 0,41694741243903566; 
-0,35098762681132223; 0,6082667357754128; -0,7367224444092384; 148,46142762836433; 0,43659987243280707; 
-0,39475638704339794; 0,6202013461081733; -0,7694233666075389; 145,64077099774062; 0,37751930177342985; 
-0,2388763135326906; 0,6742776166663241; -0,8500757100093588; 147,0746231172817; 0,3455769384258102; 
-0,30505014072605435; 0,6204103961702814; -0,7629908270527801; 147,46828491588778; 0,4214761893022104; 
-0,28761865544522464; 0,6444060286741561; -0,8008877783250876; 147,3119074059316; 0,38444059097493744; 
-0,34397023753636935; 0,6175132999769503; -0,7569886187314758; 147,0467823877466; 0,41389970777386065; 
-0,4252606406353641; 0,656597349857071; -0,7372073112541698; 155,24907256691722; 0,49852221366747723; 
-0,24844744035801578; 0,6083840871581468; -0,8015862368705664; 148,39382374511118; 0,39529085604163716; 
-0,3356593823263294; 0,6384135839552902; -0,7656687135747713; 144,98312002795296; 0,4024118436514381; 
-0,34248848090622963; 0,6163630416702072; -0,7542334032672762; 146,21776524138943; 0,4124081405367648; 
-0,3410890296705744; 0,6251057411766153; -0,7570903986058134; 145,4587936707423; 0,40696363540817343; 
-0,3556683611441369; 0,6262517168768265; -0,7611755486554657; 144,55324776247852; 0,40148223995142074; 
-0,2376149636225076; 0,6046319827083468; -0,7229012143807592; 150,50715409977514; 0,5178157415727549; 
-0,195420179359419; 0,5982607233875961; -0,7106671100341858; 152,5091844099511; 0,5549429737583949; 
-0,26029326720278806; 0,6074517421719137; -0,7276527790588916; 149,3986044930561; 0,49973921835704593; 
-0,2473790519853525; 0,6179772559284029; -0,7196519727823119; 150,2738675014373; 0,4861323940734322; 
-0,3123001440916272; 0,6027248507725288; -0,7762126976978189; 139,41379516208627; 0,4803976052475533; 
-0,27464900653238133; 0,5968842742220541; -0,7083228546934766; 160,07320253277845; 0,452438456952018; 
-0,273903638927773; 0,5990094708569077; -0,7176833684423765; 163,39356319439878; 0,45959573323670766; 
-0,33665027524127666; 0,6819980033226158; -0,7189281662123226; 157,62174853897596; 0,4827113809792313; 
-0,310829743151395; 0,6047336404410999; -0,7082895607668335; 154,99674853897596; 0,41672015171373944; 
-0,2903248063738822; 0,6003955015798577; -0,7091325731665858; 153,6854614433861; 0,44676932842627193; 
-0,2918652091995772; 0,6093742457509685; -0,7593332336556058; 156,22797395596075; 0,48535416408474263; 
-0,2903248063738822; 0,6003955015798577; -0,7091325731665858; 153,6854614433861; 0,44676932842627193; 
-0,2954510405682604; 0,6014800362951682; -0,7089218200666478; 154,01328321728357; 0,43925703424813883; 
-0,3747599324451832; 0,5663505549411223; -0,7218630913757605; 156,6854614433861; 0,40773697512760204; 
-0,3031538919069978; 0,6051582540675084; -0,7204628083021112; 156,0604614433861; 0,4354905066355401; 
-0,294036046796802; 0,5991641215048787; -0,6973075974490004; 152,39250272268424; 0,4339264809337242; 
-0,2954510405682604; 0,6014800362951682; -0,7089218200666478; 154,01328321728357; 0,43925703424813883; 
-0,2887912018401269; 0,5982383989991474; -0,7129117710767318; 152,22844022268427; 0,42791157842761807; 
-0,27342383720703767; 0,617984692277964; -0,7576370205005485; 158,37675899824671; 0,3849035970573657; 
-0,2659051310465981; 0,606606928434458; -0,7338547053149778; 156,74690015202722; 0,3929057579140835; 
-0,283352834246803; 0,5986342103781553; -0,7034975058916395; 154,1878516362221; 0,42976239354078916; 
-0,27055099945252276; 0,6054362119093344; -0,7034119332104554; 153,32139515022965; 0,4340225892619526; 
-0,26849248271774806; 0,6169104162683687; -0,7313285201108266; 154,3924327785267; 0,4268513243608533; 
-0,26519033292333427; 0,6144899558165257; -0,7095900208853423; 152,49101228956337; 0,44893329281951133; 
-0,2700474546698692; 0,6218896300682117; -0,7477469162707986; 156,25124835947364; 0,46958314745104546; 
-0,23103749030760437; 0,652330349361348; -0,7435381880176165; 146,69944869392617; 0,4925799852782164; 
-0,27232764722875; 0,6044454729758271; -0,7212272060093053; 155,67469261208635; 0,42895997357079485; 
-0,20796799880172284; 0,5793065850995149; -0,6686834998889029; 150,30808938212897; 0,44408564378172244; 
-0,27304913660305496; 0,5985358071194711; -0,7274313124446837; 156,56711587615223; 0,39619676204982074; 
-0,20094076848731995; 0,5744298481959692; -0,6598222341125397; 149,7048491240529; 0,4453969576025669; 
-0,21089601143272407; 0,5813385588093256; -0,6723756939623875; 150,55943948966066; 0,44353926302303726; 
-0,22838517055487562; 0,6143142293520343; -0,7093828265675488; 152,47164997395822; 0,4559407613064951; 
-0,21814397225849672; 0,6285084110594724; -0,6997187773478089; 150,2798736847779; 0,4805287155665515; 
-0,21721403468682962; 0,6354808823056837; -0,719920134718268; 151,8833308532209; 0,4793034801097271; 
-0,21206721648512453; 0,58215134829325; -0,6738525715917814; 150,65997953267333; 0,44332071071956314; 
-0,2727093039153219; 0,727828723817435; -0,8030365166689741; 152,59366563500714; 0,5759130700450634; 
-0,20579733013360527; 0,611837514411301; -0,6637078159363341; 150,13122733947756; 0,49252172110815723; 
-0,21965131446750052; 0,6326432484187828; -0,7167033845548297; 151,05699226348548; 0,4782578057717681; 
-0,2194378332919142; 0,6324453372835487; -0,7197915379691704; 151,2304561268864; 0,4770387722541081; 
-0,20140073968179778; 0,6297851660563186; -0,7234176294227408; 151,51775934867663; 0,4748913433060904; 
-0,2193337039655972; 0,6289367797486285; -0,7181361795403994; 150,95816207473555; 0,4746896843632604; 
-0,22716161463945317; 0,6676677871206584; -0,7699114511602283; 143,17613241569347; 0,5043755001978659; 
-0,2196069193407783; 0,6474567617035374; -0,7467068316277449; 148,48161824750912; 0,4881991839944887; 
-0,23903604389323602; 0,6332517739265018; -0,7230830718727796; 144,66772210622918; 0,49427905677459577; 
-0,2371949389272049; 0,6325797964074493; -0,7222284289597176; 145,2693356624498; 0,4922238801908978; 
-0,23562304532806555; 0,6363880725624893; -0,7282782852238697; 145,4736676407415; 0,49276006601757766; 
-0,23464831027199992; 0,6364456339804706; -0,7285460152420086; 145,67524125660037; 0,49239910167180934; 
-0,2778515556176337; 0,6399066378320858; -0,7330821007274193; 143,9673231485031; 0,44211781786188115; 
-0,23297927385064202; 0,6416602704848244; -0,7360679342964157; 145,56236901773093; 0,4938706332290431; 
-0,22939705847867986; 0,6330402877513004; -0,7243702691048283; 146,88192458932082; 0,48933616542475145; 
-0,2836235314538839; 0,6625180702649571; -0,7063961639592481; 148,3279563616282; 0,5033836742819753; 
-0,26641154333046546; 0,6407278258750706; -0,7342848733945935; 144,32213662657898; 0,4552509964644605; 
-0,24753489218794134; 0,6301343864522185; -0,7230843259037247; 148,1679009980752; 0,45843575094412237; 
-0,16845254417147304; 0,5925193602488695; -0,6396817729885008; 146,1342508250637; 0,4749946055774245; 
-0,1790122955285346; 0,5520628277234803; -0,653635318650636; 141,76041394293514; 0,47796151725497543; 
-0,23888887259927058; 0,6321740452446308; -0,7273379728893257; 149,166954722403; 0,46949342553861095; 
-0,1910527874106717; 0,6209412171350757; -0,7458049117722128; 149,4601779044374; 0,4523111365823374; 
-0,20228522997465892; 0,6213121387682754; -0,7380204549583764; 149,73880235191797; 0,4585836094462593; 
-0,22943590545498865; 0,6355841675888418; -0,7391190699133219; 148,69324012817768; 0,4631140902323929; 
-0,24033026403931107; 0,6382277523651341; -0,7351654202206082; 148,73529805801346; 0,46658510491881927; 
-0,24033026403931107; 0,6382277523651341; -0,7351654202206082; 148,73529805801346; 0,46658510491881927; 
-0,1803968313240526; 0,6805053532352077; -0,7559547039814704; 155,9435341091363; 0,4976420220050856; 
-0,20155998800032407; 0,6680294763538211; -0,7766289962154451; 152,07817251811912; 0,4978170659479892; 
-0,24227431070099031; 0,6238186378663162; -0,7389397900227138; 150,2128109271019; 0,44821806286479693; 
-0,24133716447469095; 0,6228989164987163; -0,7375872877147666; 150,12768527561548; 0,45129679368847; 
-0,23990833772217954; 0,6236707862314821; -0,7376289330113631; 150,64035459260242; 0,45376835912399; 
-0,23730026939053697; 0,6269708138069248; -0,7401172414138755; 150,7312424896758; 0,45690484241119045; 
-0,23765173215873053; 0,627798730989167; -0,7398350281586032; 150,09912992340136; 0,45785440142901357; 
-0,23562790201441414; 0,6309225639569576; -0,7414541728864947; 150,09902184237015; 0,46117321990860505; 
-0,23562790201441414; 0,6309225639569576; -0,7414541728864947; 150,09902184237015; 0,46117321990860505; 
-0,30880054325313544; 0,5823880174208604; -0,6367785381196063; 152,09909389639097; 0,38710513994020146; 
-0,22397712486178972; 0,6474270726858004; -0,729948020690058; 150,21072831661837; 0,4589394419977446; 
-0,236497003524277; 0,6295766292707282; -0,7405363408879975; 150,21070129636055; 0,4599527950365609; 
-0,23376927251015894; 0,6335115627396521; -0,7389074012369492; 150,18452206168578; 0,4603383607624867; 
-0,28661919397864744; 0,6897931026203258; -0,7629999148572945; 148,21070129636055; 0,36859577185875225; 
-0,28661919397864744; 0,6897931026203258; -0,7629999148572945; 148,21070129636055; 0,36859577185875225; 
-0,2602696336527729; 0,6615356718353518; -0,7508794274563002; 149,20459277074164; 0,41435621873028766; 
-0,19968866052615616; 0,6898289876112447; -0,8409596711288321; 142,01851325018956; 0,3922894305155945; 
-0,2674109011766218; 0,667774558549028; -0,7579795388738204; 147,9862529911058; 0,4174818270004055; 
-0,2585588124020778; 0,6331213709873625; -0,6527213652560219; 144,20492098573385; 0,46880012628388573; 
-0,2658933371043858; 0,659840514160142; -0,7505271494986323; 148,26712125663073; 0,42135428602835534; 
-0,2760237830835093; 0,656078145938956; -0,750497892998478; 146,57101434820868; 0,4348704368351908; 
-0,34481957557669896; 0,5853840530311789; -0,6918653052803738; 138,81281657388715; 0,4921585658529535; 
-0,2684658712857707; 0,6390074525668623; -0,7584803038176345; 146,30508242836748; 0,42763147283129854; 
-0,3079416410343518; 0,6528405023073839; -0,7888747686197237; 144,8843532083937; 0,40416812767108967; 
-0,2111540688978606; 0,761311367694274; -0,8553465778356205; 140,31023715629476; 0,45061749817257746; 
-0,2742657217081099; 0,6586934844519077; -0,7776458636509215; 142,86735543278303; 0,4330908118882848; 
-0,253240341682795; 0,6871183010122616; -0,7968042438131495; 142,2255233664753; 0,4314302073402425; 
-0,2759405758237815; 0,6350075163803471; -0,7336762905874614; 149,30508242836748; 0,3987549106427296; 
-0,2658076332808894; 0,6516954835269042; -0,7477467237723406; 147,1294373993918; 0,4238961680410062; 
-0,2189705918533839; 0,6840781614422321; -0,7867019785112644; 147,97545567460782; 0,4486360198404033; 
-0,26975139289863065; 0,6445887405793762; -0,7439781316623055; 147,68707295651066; 0,4065091934617663; 
-0,23633281931276695; 0,6597341098381303; -0,7877279985718175; 146,20522600337165; 0,44451385655419917; 
-0,29732182486435826; 0,7102380338999293; -0,8038339777057534; 142,65047023493224; 0,4189426340442296; 
-0,21527679084276727; 0,6899074821413245; -0,7990145556016055; 145,18679170859068; 0,4567825160113862; 
-0,24650791166001762; 0,6506408949614859; -0,7771554135444696; 143,96607051456715; 0,4056924222569162; 
-0,21146690249814185; 0,7022654033305082; -0,7842305829929135; 146,83126431555922; 0,4486890983899939; 
-0,26956798722675285; 0,6439031400924791; -0,7645459544871394; 143,06836185835863; 0,3695106795243838; 
-0,3179068443298204; 0,5890321102205801; -0,7147962801568222; 139,62804944363276; 0,4296289413095008; 
-0,2536942679271357; 0,68620381377565; -0,7949755912285578; 145,34902222245267; 0,3822765840502076; 
-0,23679288135570206; 0,6893037336236612; -0,793806051505024; 148,07314936743668; 0,3941826848054362; 
-0,23609237114863504; 0,6907259762016944; -0,8000291672486894; 147,8437844791243; 0,3873398147543541; 
-0,16408113553878664; 0,6806041014459854; -0,8432143580246544; 146,8437844791243; 0,4383097440474446; 
-0,2249100070208225; 0,6218793263493733; -0,7913471826794141; 146,68630680786544; 0,28762839795811185; 
-0,2878434903139938; 0,6294701694911505; -0,852977160041067; 156,53048743025096; 0,40146672974017505; 
-0,26690861927314546; 0,6838496836049827; -0,825083347066407; 146,51285516278946; 0,3404787670289833; 
-0,2718683928281179; 0,6996019219667716; -0,8546253452907375; 144,24775543014167; 0,3691942759468014; 
-0,2503660922075252; 0,6695303655055432; -0,8266547978748016; 146,0787463258377; 0,34413704602414774; 
-0,18923230341363864; 0,6794384534429623; -0,926215047396064; 146,43337008003726; 0,38246201981892647; 
-0,23409219543715726; 0,7332731060171207; -0,8408229201097777; 140,37418383107297; 0,29138749625881566; 
-0,2633314776437494; 0,7136344496212828; -0,8459127576611255; 143,8552733842364; 0,3350872338878068; 
-0,35098184864832566; 0,6794796296212811; -0,8161071406446946; 144,96289914092313; 0,30373647808477233; 
-0,3000241986845131; 0,6604784898236086; -0,8463304861719962; 142,07835357433083; 0,4294230424560367; 
-0,3099228866258521; 0,6803320998286457; -0,7963396996490171; 146,05060234699116; 0,35655623661856994; 
-0,28922568831418227; 0,7059475197180842; -0,7756751633900028; 146,51029699324488; 0,384690130219728; 
-0,3000093477475658; 0,6883182013544877; -0,7864479126093007; 145,35569663272383; 0,379070118660934; 
-0,26091154896870467; 0,6700180535206353; -0,8966434224305253; 152,90564153069244; 0,41281299597836657; 
-0,3005467212436056; 0,7105458473631832; -0,8557979524814607; 147,2200648820932; 0,40971055912422505; 
-0,29678292326636807; 0,6568495189408853; -0,7762605788547263; 146,65132230824065; 0,3645508629244343; 
-0,28540433017580635; 0,6838272418150373; -0,7899302003430151; 146,25967798987784; 0,38954204148619287; 
-0,27658136314164494; 0,626226498452392; -0,7908857632047469; 144,86551032589267; 0,36324691195774417; 
-0,279873004937763; 0,6409443468651517; -0,7888671842349093; 145,00642262779007; 0,3688575241122675; 
-0,3089755728812329; 0,6574700027494063; -0,7760792977723252; 139,4394635772589; 0,3579197551835319; 
-0,19727353761101993; 0,7494439099986429; -0,8103480849312188; 148,50967798987784; 0,435742886482424; 
-0,31646337016218684; 0,6549740392556507; -0,8038912588066188; 144,9651938736715; 0,3499776580283792; 
-0,29016357312845076; 0,6490104999079713; -0,7734706791158467; 145,36631054620116; 0,3607653751765188; 
-0,3005520073336496; 0,6468277971866166; -0,783913631733691; 146,54871517099176; 0,35138082719271535; 
-0,28276997054303443; 0,7157873672012047; -0,8474422908194702; 137,13475295946793; 0,3390208070288747; 
-0,2815559553941512; 0,6544540400532598; -0,789576667657993; 145,50967798987784; 0,37600167657638284; 
-0,2082898786357802; 0,654575966077425; -0,7530009209333572; 158,22294310252448; 0,20234150961647157; 
-0,21914021952422988; 0,6760116183942892; -0,8026465315927175; 154,47470212940345; 0,29453516588245776; 
-0,29149852312896174; 0,6561006523867536; -0,7883919002104198; 145,88242891541205; 0,3660265480815426; 
-0,21760910397998948; 0,6613153497382718; -0,7653702201665715; 156,84324292554655; 0,22437335223072893; 
-0,21760910397998948; 0,6613153497382718; -0,7653702201665715; 156,84324292554655; 0,22437335223072893; 
-0,21702063188849896; 0,6784370270914496; -0,7961114086693215; 161,29536607257882; 0,31723276049122484; 
-0,21760910397998948; 0,6613153497382718; -0,7653702201665715; 156,84324292554655; 0,22437335223072893; 
-0,2658052803419467; 0,6684497066363183; -0,7955249974192323; 149,71699993301007; 0,3279865524543461; 
-0,21527929764393716; 0,6596305038230601; -0,762277895358268; 157,18816796979104; 0,21886539157716461; 
-0,22215493976669143; 0,6798531113689772; -0,7927528755369067; 153,3263331833781; 0,2562672310621516; 
-0,22504076516935778; 0,6618805386622948; -0,7697220850927164; 155,84509809360446; 0,24024738668363502; 
-0,19325977930213767; 0,6202422924683887; -0,7795286899761136; 148,54112363917375; 0,25569995275458446; 
-0,2029027063737217; 0,6338238319351829; -0,7754363378394054; 151,10593785756845; 0,2484365714575694; 
-0,2002196332645028; 0,65628397722039; -0,7718765357080524; 154,14180223142625; 0,262861055992089; 
-0,20209495906675873; 0,6596443447604343; -0,7705465675820897; 154,85482643999285; 0,2599036230844003; 
-0,2253753958120326; 0,6602583422755794; -0,7706790892216646; 155,54856607944916; 0,2435148223479181; 
-0,21444888335732593; 0,6581950403997214; -0,7705140204728558; 155,06523241395433; 0,24853718202097896; 
-0,2123659673752477; 0,6523546652478154; -0,7715890182951852; 154,15558704363997; 0,24763864763860322; 
-0,20152106627432198; 0,6494098646730897; -0,799608758286001; 155,21871760260677; 0,27667699622882147; 
-0,20666966284658989; 0,6608220668893997; -0,7744595154189884; 153,8317320717765; 0,25623555149964267; 
-0,24192262503758782; 0,6152039270111774; -0,8228648142991788; 163,5613576536526; 0,3216765192505785; 
-0,2143016992997685; 0,6534544489438783; -0,7714818966157752; 154,3484514566349; 0,24705822277384543; 
-0,25858898836124444; 0,6757398431335235; -0,8215335758607607; 155,86349512105872; 0,25432882981014643; 
-0,22174718567624907; 0,6628883208883634; -0,7847934893814708; 154,6987711030791; 0,2528441032102011; 
-0,21912658305831248; 0,6643830991241426; -0,7970305627458746; 152,36520303105942; 0,22129790669804755; 
-0,211560213071222; 0,6598389830773079; -0,7777776745112186; 153,89881629022773; 0,24566662099854025; 
-0,21775604588235536; 0,6635837436609939; -0,7935275748852528; 152,6471957096246; 0,22572989578077418; 
-0,2115869937900367; 0,696649787968147; -0,8034544907334678; 148,92116668829573; 0,2514070664062675; 
-0,21663935671207624; 0,6628984249301564; -0,7907242574225979; 152,8602101325623; 0,2293568223429726; 
-0,25134341086445006; 0,6492283871686912; -0,8337053002222765; 144,60267394362796; 0,28191895713127757; 
-0,25134341086445006; 0,6492283871686912; -0,8337053002222765; 144,60267394362796; 0,28191895713127757; 
-0,2176597883466483; 0,6460224016371001; -0,7728109401585186; 151,00572317322806; 0,23262007350478958; 
-0,20389584539816985; 0,6452325156194523; -0,7756652919474468; 149,62944102356403; 0,23914875794115986; 
-0,21865975704511287; 0,6695167838015064; -0,7953033703439122; 150,32914066490088; 0,2415227735427738; 
-0,20578354821090417; 0,6297660248348377; -0,7658128893302677; 149,8126073881656; 0,23603758782512974; 
-0,238162133892726; 0,6798716113436988; -0,8052161042826921; 153,49851546602292; 0,26792537572910285; 
-0,23550481570018472; 0,6560705114898482; -0,8169700631597007; 146,44174070734942; 0,1967330775662919; 
-0,21283518138895763; 0,6985863316153231; -0,7941646836732609; 154,02279572847252; 0,25780473861709025; 
-0,20643802055643667; 0,6992788656432004; -0,8133632313778163; 159,3945689454469; 0,28544023979932287; 
-0,24410323286932523; 0,7109582442920105; -0,839377455287216; 152,25288262539075; 0,2549443540618153; 
